"GID","DOMAIN_ID","SERIES_ID","PRODUCT_TYPE","LP_ACCOUNT","LC_FLOOR_CODE","LC_FLOOR_KEY","LC_INSTITUTION","ECN","COUNTER_CCY","BASE_CCY","MIN_TENOR_TYPE","MIN_TENOR_VALUE","MAX_TENOR_TYPE","MAX_TENOR_VALUE","MAX_ORDER_SIZE","IS_MARKET_SEGMENT_SWEEPABLE","IS_MARKET_SEGMENT_RFQ","IS_MARKET_SEGMENT_FULL","FLOOR","INSTITUTION"
"auto1@ebs.com",0,196740,"SPOT","LPLB","LCLB",3994,"SPR1","EBSD","CHF","AUD","","","","",999000000000,1,0,1,"LCLB","SPR1"
"auto1@ebs.com",0,196741,"SPOT","LPLA","LCLB",3994,"SPR1","EBSD","CNH","AUD","","","","",999000000000,1,0,1,"LCLB","SPR1"
"auto1@ebs.com",0,196745,"SPOT","LPLB","LCLB",3994,"SPR1","EBSD","JPY","AUD","","","","",999000000000,1,0,1,"LCLB","SPR1"
"auto1@ebs.com",0,196748,"SPOT","LPLA","LCLB",3994,"SPR1","EBSD","NZD","AUD","","","","",999000000000,1,0,1,"LCLB","SPR1"
"auto1@ebs.com",0,393353,"SPOT","LPLB","LCLB",3994,"SPR1","EBSD","JPY","CAD","","","","",999000000000,1,0,1,"LCLB","SPR1"
"auto1@ebs.com",0,852098,"SPOT","LPLA","LCLB",3994,"SPR1","EBSD","AUD","GBP","","","","",999000000000,1,0,1,"LCLB","SPR1"
"auto1@ebs.com",0,852105,"SPOT","LPLA","LCLB",3994,"SPR1","EBSD","JPY","GBP","","","","",999000000000,1,0,1,"LCLB","SPR1"
"auto1@ebs.com",0,852158,"SPOT","LPLB","LCLB",3994,"SPR1","EBSD","HUF","GBP","","","","",999000000000,1,0,1,"LCLB","SPR1"
"auto1@ebs.com",0,1507465,"SPOT","LPLA","LCLB",3994,"SPR1","EBSD","JPY","NZD","","","","",999000000000,1,0,1,"LCLB","SPR1"
"auto1@ebs.com",0,1507465,"SPOT","LPLB","LCLB",3994,"SPR1","EBSD","JPY","NZD","","","","",999000000000,1,0,1,"LCLB","SPR1"
"auto1@ebs.com",0,1835141,"SPOT","LPLB","LCLB",3994,"SPR1","EBSD","CNH","SGD","","","","",999000000000,1,0,1,"LCLB","SPR1"
"auto1@ebs.com",0,1900677,"SPOT","LPLA","LCLB",3994,"SPR1","EBSD","CNH","USD","","","","",999000000000,1,0,1,"LCLB","SPR1"
"auto1@ebs.com",0,1900680,"SPOT","LPLB","LCLB",3994,"SPR1","EBSD","HKD","USD","","","","",999000000000,1,0,1,"LCLB","SPR1"
"auto1@ebs.com",0,1900683,"SPOT","LPLA","LCLB",3994,"SPR1","EBSD","NOK","USD","","","","",999000000000,1,0,1,"LCLB","SPR1"
"auto1@ebs.com",0,1900733,"SPOT","LPLA","LCLB",3994,"SPR1","EBSD","CZK","USD","","","","",999000000000,1,0,1,"LCLB","SPR1"
"auto1@ebs.com",0,1900734,"SPOT","LPLA","LCLB",3994,"SPR1","EBSD","HUF","USD","","","","",999000000000,1,0,1,"LCLB","SPR1"
"auto1@ebs.com",0,1900740,"SPOT","LPP1","LCLB",3994,"SPR1","EBSD","ILS","USD","","","","",999000000000,1,0,0,"LCLB","SPR1"
"auto1@ebs.com",0,1900753,"SPOT","LPLA","LCLB",3994,"SPR1","EBSD","RON","USD","","","","",999000000000,1,0,1,"LCLB","SPR1"
"auto1@ebs.com",0,1900753,"SPOT","LPLB","LCLB",3994,"SPR1","EBSD","RON","USD","","","","",999000000000,1,0,1,"LCLB","SPR1"
"auto1@ebs.com",0,1900754,"SPOT","LPLB","LCLB",3994,"SPR1","EBSD","THB","USD","","","","",999000000000,1,0,1,"LCLB","SPR1"
"auto1@ebs.com",0,2031753,"SPOT","LPLB","LCLB",3994,"SPR1","EBSD","JPY","ZAR","","","","",999000000000,1,0,1,"LCLB","SPR1"
"auto1@ebs.com",0,2228355,"SPOT","LPP2","LCLB",3994,"SPR1","EBSD","CAD","EUR","","","","",999000000000,1,0,0,"LCLB","SPR1"
"auto1@ebs.com",0,2228361,"SPOT","LPLB","LCLB",3994,"SPR1","EBSD","JPY","EUR","","","","",999000000000,1,0,1,"LCLB","SPR1"
"auto1@ebs.com",0,2228361,"SPOT","LPP2","LCLB",3994,"SPR1","EBSD","JPY","EUR","","","","",999000000000,1,0,0,"LCLB","SPR1"
"auto1@ebs.com",0,2228368,"SPOT","LPLA","LCLB",3994,"SPR1","EBSD","ZAR","EUR","","","","",999000000000,1,0,1,"LCLB","SPR1"
"auto1@ebs.com",0,2228417,"SPOT","LPLA","LCLB",3994,"SPR1","EBSD","TRY","EUR","","","","",999000000000,1,0,1,"LCLB","SPR1"
"auto1@ebs.com",0,2228417,"SPOT","LPLB","LCLB",3994,"SPR1","EBSD","TRY","EUR","","","","",999000000000,1,0,1,"LCLB","SPR1"
"auto1@ebs.com",0,9371682,"OUTRIGHT","LSQ1","LCLB",3994,"SPR1","EBSD","USD","EUR","SPOT",1,"SPOT",1,50000000,0,1,0,"LCLB","SPR1"
"auto1@ebs.com",0,13959186,"SPOT","LPLB","LCLB",3994,"SPR1","EBSD","JPY","WMT","","","","",999000000000,1,0,0,"LCLB","SPR1"
"auto1@ebs.com",0,196739,"SPOT","LPRJ","LCRF",4157,"SPR1","EBSD","CAD","AUD","","","","",999000000000,0,1,0,"LCRF","SPR1"
"auto1@ebs.com",0,196744,"SPOT","LPE2","LCRF",4157,"SPR1","EBSD","HKD","AUD","","","","",1,1,0,0,"LCRF","SPR1"
"auto1@ebs.com",0,196745,"SPOT","LPLA","LCRF",4157,"SPR1","EBSD","JPY","AUD","","","","",999000000000,1,0,1,"LCRF","SPR1"
"auto1@ebs.com",0,196751,"SPOT","LPRI","LCRF",4157,"SPR1","EBSD","USD","AUD","","","","",999000000000,0,1,0,"LCRF","SPR1"
"auto1@ebs.com",0,458889,"SPOT","LPP1","LCRF",4157,"SPR1","EBSD","JPY","CHF","","","","",999000000000,1,0,0,"LCRF","SPR1"
"auto1@ebs.com",0,458891,"SPOT","LPP1","LCRF",4157,"SPR1","EBSD","NOK","CHF","","","","",999000000000,1,0,0,"LCRF","SPR1"
"auto1@ebs.com",0,852098,"SPOT","LPRI","LCRF",4157,"SPR1","EBSD","AUD","GBP","","","","",999000000000,0,1,0,"LCRF","SPR1"
"auto1@ebs.com",0,852099,"SPOT","LPP1","LCRF",4157,"SPR1","EBSD","CAD","GBP","","","","",999000000000,1,0,0,"LCRF","SPR1"
"auto1@ebs.com",0,852099,"SPOT","LPRI","LCRF",4157,"SPR1","EBSD","CAD","GBP","","","","",999000000000,0,1,0,"LCRF","SPR1"
"auto1@ebs.com",0,852105,"SPOT","LPLA","LCRF",4157,"SPR1","EBSD","JPY","GBP","","","","",999000000000,1,0,1,"LCRF","SPR1"
"auto1@ebs.com",0,852105,"SPOT","LPRM","LCRF",4157,"SPR1","EBSD","JPY","GBP","","","","",999000000000,0,1,0,"LCRF","SPR1"
"auto1@ebs.com",0,852177,"SPOT","LPP1","LCRF",4157,"SPR1","EBSD","RON","GBP","","","","",999000000000,1,0,0,"LCRF","SPR1"
"auto1@ebs.com",0,1507459,"SPOT","LPP1","LCRF",4157,"SPR1","EBSD","CAD","NZD","","","","",999000000000,1,0,0,"LCRF","SPR1"
"auto1@ebs.com",0,1507465,"SPOT","LPP1","LCRF",4157,"SPR1","EBSD","JPY","NZD","","","","",999000000000,1,0,0,"LCRF","SPR1"
"auto1@ebs.com",0,1900675,"SPOT","LPP2","LCRF",4157,"SPR1","EBSD","CAD","USD","","","","",999000000000,1,0,0,"LCRF","SPR1"
"auto1@ebs.com",0,1900676,"SPOT","LPP1","LCRF",4157,"SPR1","EBSD","CHF","USD","","","","",999000000000,1,0,0,"LCRF","SPR1"
"auto1@ebs.com",0,1900677,"SPOT","LPRM","LCRF",4157,"SPR1","EBSD","CNH","USD","","","","",999000000000,0,1,0,"LCRF","SPR1"
"auto1@ebs.com",0,1900681,"SPOT","LPLA","LCRF",4157,"SPR1","EBSD","JPY","USD","","","","",999000000000,1,0,1,"LCRF","SPR1"
"auto1@ebs.com",0,1900682,"SPOT","LPP1","LCRF",4157,"SPR1","EBSD","MXN","USD","","","","",999000000000,1,0,0,"LCRF","SPR1"
"auto1@ebs.com",0,1900685,"SPOT","LPRJ","LCRF",4157,"SPR1","EBSD","RUB","USD","","","","",999000000000,0,1,0,"LCRF","SPR1"
"auto1@ebs.com",0,1900734,"SPOT","LPRM","LCRF",4157,"SPR1","EBSD","HUF","USD","","","","",999000000000,0,1,0,"LCRF","SPR1"
"auto1@ebs.com",0,2031753,"SPOT","LPP1","LCRF",4157,"SPR1","EBSD","JPY","ZAR","","","","",999000000000,1,0,0,"LCRF","SPR1"
"auto1@ebs.com",0,2228354,"SPOT","LPP2","LCRF",4157,"SPR1","EBSD","AUD","EUR","","","","",999000000000,1,0,0,"LCRF","SPR1"
"auto1@ebs.com",0,2228354,"SPOT","LPRI","LCRF",4157,"SPR1","EBSD","AUD","EUR","","","","",999000000000,0,1,0,"LCRF","SPR1"
"auto1@ebs.com",0,2228355,"SPOT","LPP2","LCRF",4157,"SPR1","EBSD","CAD","EUR","","","","",999000000000,1,0,0,"LCRF","SPR1"
"auto1@ebs.com",0,2228356,"SPOT","LPP1","LCRF",4157,"SPR1","EBSD","CHF","EUR","","","","",999000000000,1,0,0,"LCRF","SPR1"
"auto1@ebs.com",0,2228358,"SPOT","LPP1","LCRF",4157,"SPR1","EBSD","DKK","EUR","","","","",999000000000,1,0,0,"LCRF","SPR1"
"auto1@ebs.com",0,2228359,"SPOT","LPLB","LCRF",4157,"SPR1","EBSD","GBP","EUR","","","","",999000000000,1,0,1,"LCRF","SPR1"
"auto1@ebs.com",0,2228359,"SPOT","LPRI","LCRF",4157,"SPR1","EBSD","GBP","EUR","","","","",999000000000,0,1,0,"LCRF","SPR1"
"auto1@ebs.com",0,2228361,"SPOT","LPLL","LCRF",4157,"SPR1","EBSD","JPY","EUR","","","","",999000000000,1,0,0,"LCRF","SPR1"
"auto1@ebs.com",0,2228363,"SPOT","LPP1","LCRF",4157,"SPR1","EBSD","NOK","EUR","","","","",999000000000,1,0,0,"LCRF","SPR1"
"auto1@ebs.com",0,2228363,"SPOT","LPRI","LCRF",4157,"SPR1","EBSD","NOK","EUR","","","","",999000000000,0,1,0,"LCRF","SPR1"
"auto1@ebs.com",0,2228365,"SPOT","LPP1","LCRF",4157,"SPR1","EBSD","RUB","EUR","","","","",999000000000,1,0,0,"LCRF","SPR1"
"auto1@ebs.com",0,2228367,"SPOT","LP33","LCRF",4157,"SPR1","EBSD","USD","EUR","","","","",100000000,0,1,0,"LCRF","SPR1"
"auto1@ebs.com",0,2228367,"SPOT","LPLK","LCRF",4157,"SPR1","EBSD","USD","EUR","","","","",100000000,1,0,0,"LCRF","SPR1"
"auto1@ebs.com",0,2228367,"SPOT","LPRL","LCRF",4157,"SPR1","EBSD","USD","EUR","","","","",100000000,0,1,0,"LCRF","SPR1"
"auto1@ebs.com",0,2228416,"SPOT","LPP1","LCRF",4157,"SPR1","EBSD","SGD","EUR","","","","",999000000000,1,0,0,"LCRF","SPR1"
"auto1@ebs.com",0,2228417,"SPOT","LPP1","LCRF",4157,"SPR1","EBSD","TRY","EUR","","","","",999000000000,1,0,0,"LCRF","SPR1"
"auto1@ebs.com",0,6226057,"SPOT","LPP1","LCRF",4157,"SPR1","EBSD","JPY","CNY","","","","",999000000000,1,0,0,"LCRF","SPR1"
"auto1@ebs.com",0,8519714,"OUTRIGHT","LPRI","LCRF",4157,"SPR1","EBSD","AUD","EUR","T",0,"M",24,999000000000,0,1,0,"LCRF","SPR1"
"auto1@ebs.com",0,8519714,"OUTRIGHT","LPRL","LCRF",4157,"SPR1","EBSD","AUD","EUR","T",0,"M",24,999000000000,0,1,0,"LCRF","SPR1"
"auto1@ebs.com",0,8585229,"OUTRIGHT","LPRI","LCRF",4157,"SPR1","EBSD","CAD","GBP","T",0,"M",24,999000000000,0,1,0,"LCRF","SPR1"
"auto1@ebs.com",0,8585250,"OUTRIGHT","LPRM","LCRF",4157,"SPR1","EBSD","CAD","EUR","T",0,"M",24,999000000000,0,1,0,"LCRF","SPR1"
"auto1@ebs.com",0,8618013,"SWAP","LPRI","LCRF",4157,"SPR1","EBSD","CAD","USD","T",0,"M",24,50000000,0,1,0,"LCRF","SPR1"
"auto1@ebs.com",0,8618018,"SWAP","LPRI","LCRF",4157,"SPR1","EBSD","CAD","EUR","T",0,"M",5,50000000,0,1,0,"LCRF","SPR1"
"auto1@ebs.com",0,8781853,"OUTRIGHT","LPRI","LCRF",4157,"SPR1","EBSD","DKK","USD","T",0,"M",24,999000000000,0,1,0,"LCRF","SPR1"
"auto1@ebs.com",0,8912925,"OUTRIGHT","LPRL","LCRF",4157,"SPR1","EBSD","HKD","USD","T",0,"M",24,999000000000,0,1,0,"LCRF","SPR1"
"auto1@ebs.com",0,8945693,"SWAP","LPRL","LCRF",4157,"SPR1","EBSD","HKD","USD","SPOT",1,"M",5,50000000,0,1,0,"LCRF","SPR1"
"auto1@ebs.com",0,9011206,"SWAP","LP32","LCRF",4157,"SPR1","EBSD","JPY","CAD","T",0,"M",4,50000000,0,1,0,"LCRF","SPR1"
"auto1@ebs.com",0,9240610,"OUTRIGHT","LPRI","LCRF",4157,"SPR1","EBSD","RUB","EUR","T",0,"M",24,999000000000,0,1,0,"LCRF","SPR1"
"auto1@ebs.com",0,9273378,"SWAP","LPRI","LCRF",4157,"SPR1","EBSD","RUB","EUR","T",1,"M",24,50000000,0,1,0,"LCRF","SPR1"
"auto1@ebs.com",0,9306146,"OUTRIGHT","LPRM","LCRF",4157,"SPR1","EBSD","SEK","EUR","T",0,"M",24,999000000000,0,1,0,"LCRF","SPR1"
"auto1@ebs.com",0,9338914,"SWAP","LPRJ","LCRF",4157,"SPR1","EBSD","SEK","EUR","T",0,"M",5,50000000,0,1,0,"LCRF","SPR1"
"auto1@ebs.com",0,9338914,"SWAP","LPRM","LCRF",4157,"SPR1","EBSD","SEK","EUR","T",0,"M",5,50000000,0,1,0,"LCRF","SPR1"
"auto1@ebs.com",0,9371651,"OUTRIGHT","LPRI","LCRF",4157,"SPR1","EBSD","USD","AUD","T",0,"M",24,999000000000,0,1,0,"LCRF","SPR1"
"auto1@ebs.com",0,9371661,"OUTRIGHT","LPRL","LCRF",4157,"SPR1","EBSD","USD","GBP","T",0,"M",24,999000000000,0,1,0,"LCRF","SPR1"
"auto1@ebs.com",0,9371682,"OUTRIGHT","LPRJ","LCRF",4157,"SPR1","EBSD","USD","EUR","T",0,"M",6,50000000,0,1,0,"LCRF","SPR1"
"auto1@ebs.com",0,9371682,"OUTRIGHT","LPRL","LCRF",4157,"SPR1","EBSD","USD","EUR","T",0,"M",6,50000000,0,1,0,"LCRF","SPR1"
"auto1@ebs.com",0,9404429,"SWAP","LPRI","LCRF",4157,"SPR1","EBSD","USD","GBP","T",0,"M",5,50000000,0,1,0,"LCRF","SPR1"
"auto1@ebs.com",0,9404429,"SWAP","LPRL","LCRF",4157,"SPR1","EBSD","USD","GBP","T",0,"M",5,50000000,0,1,0,"LCRF","SPR1"
"auto1@ebs.com",0,9404439,"SWAP","LPRL","LCRF",4157,"SPR1","EBSD","USD","NZD","SPOT",1,"M",5,50000000,0,1,0,"LCRF","SPR1"
"auto1@ebs.com",0,12451874,"OUTRIGHT","LPRI","LCRF",4157,"SPR1","EBSD","HUF","EUR","T",0,"M",24,999000000000,0,1,0,"LCRF","SPR1"
"auto1@ebs.com",0,12615709,"SWAP","LPRI","LCRF",4157,"SPR1","EBSD","SGD","USD","SPOT",1,"M",5,50000000,0,1,0,"LCRF","SPR1"
"auto1@ebs.com",0,196739,"SPOT","LPRI","LCLD",4393,"SPR1","EBSD","CAD","AUD","","","","",999000000000,0,1,0,"LCLD","SPR1"
"auto1@ebs.com",0,196740,"SPOT","LPP2","LCLD",4393,"SPR1","EBSD","CHF","AUD","","","","",999000000000,1,0,0,"LCLD","SPR1"
"auto1@ebs.com",0,196741,"SPOT","LPP2","LCLD",4393,"SPR1","EBSD","CNH","AUD","","","","",999000000000,1,0,0,"LCLD","SPR1"
"auto1@ebs.com",0,393353,"SPOT","LPP2","LCLD",4393,"SPR1","EBSD","JPY","CAD","","","","",999000000000,1,0,0,"LCLD","SPR1"
"auto1@ebs.com",0,1900675,"SPOT","LPP2","LCLD",4393,"SPR1","EBSD","CAD","USD","","","","",999000000000,1,0,0,"LCLD","SPR1"
"auto1@ebs.com",0,2228361,"SPOT","LPLA","LCLD",4393,"SPR1","EBSD","JPY","EUR","","","","",999000000000,1,0,1,"LCLD","SPR1"
"auto1@ebs.com",0,2228367,"SPOT","LPRL","LCLD",4393,"SPR1","EBSD","USD","EUR","","","","",100000000,0,1,0,"LCLD","SPR1"
"auto1@ebs.com",0,8519714,"OUTRIGHT","LPRL","LCLD",4393,"SPR1","EBSD","AUD","EUR","T",0,"M",24,999000000000,0,1,0,"LCLD","SPR1"
"auto1@ebs.com",0,8552482,"SWAP","LPRK","LCLD",4393,"SPR1","EBSD","AUD","EUR","T",0,"M",5,50000000,0,1,0,"LCLD","SPR1"
"auto1@ebs.com",0,8847394,"OUTRIGHT","LPRJ","LCLD",4393,"SPR1","EBSD","GBP","EUR","T",0,"M",24,999000000000,0,1,0,"LCLD","SPR1"
"auto1@ebs.com",0,8880162,"SWAP","LPRL","LCLD",4393,"SPR1","EBSD","GBP","EUR","T",0,"M",5,50000000,0,1,0,"LCLD","SPR1"
"auto1@ebs.com",0,8978445,"OUTRIGHT","LPRJ","LCLD",4393,"SPR1","EBSD","JPY","GBP","T",0,"M",24,999000000000,0,1,0,"LCLD","SPR1"
"auto1@ebs.com",0,8978461,"OUTRIGHT","LPRM","LCLD",4393,"SPR1","EBSD","JPY","USD","T",0,"M",24,999000000000,0,1,0,"LCLD","SPR1"
"auto1@ebs.com",0,9011206,"SWAP","LP33","LCLD",4393,"SPR1","EBSD","JPY","CAD","T",0,"M",5,50000000,0,1,0,"LCLD","SPR1"
"auto1@ebs.com",0,9240605,"OUTRIGHT","LPRI","LCLD",4393,"SPR1","EBSD","RUB","USD","T",0,"M",24,999000000000,0,1,0,"LCLD","SPR1"
"auto1@ebs.com",0,9371682,"OUTRIGHT","LPRM","LCLD",4393,"SPR1","EBSD","USD","EUR","T",0,"M",6,50000000,0,1,0,"LCLD","SPR1"
"auto1@ebs.com",0,196740,"SPOT","LPLA","LCLB",3994,"SPR1","EBSD","CHF","AUD","","","","",999000000000,1,0,1,"LCLB","SPR1"
"auto1@ebs.com",0,196745,"SPOT","LPLA","LCLB",3994,"SPR1","EBSD","JPY","AUD","","","","",999000000000,1,0,1,"LCLB","SPR1"
"auto1@ebs.com",0,196745,"SPOT","LPP2","LCLB",3994,"SPR1","EBSD","JPY","AUD","","","","",999000000000,1,0,0,"LCLB","SPR1"
"auto1@ebs.com",0,852098,"SPOT","LPLB","LCLB",3994,"SPR1","EBSD","AUD","GBP","","","","",999000000000,1,0,1,"LCLB","SPR1"
"auto1@ebs.com",0,852108,"SPOT","LPLA","LCLB",3994,"SPR1","EBSD","NZD","GBP","","","","",999000000000,1,0,1,"LCLB","SPR1"
"auto1@ebs.com",0,852111,"SPOT","LPLA","LCLB",3994,"SPR1","EBSD","USD","GBP","","","","",999000000000,1,0,1,"LCLB","SPR1"
"auto1@ebs.com",0,852157,"SPOT","LPLA","LCLB",3994,"SPR1","EBSD","CZK","GBP","","","","",999000000000,1,0,1,"LCLB","SPR1"
"auto1@ebs.com",0,1507459,"SPOT","LPLA","LCLB",3994,"SPR1","EBSD","CAD","NZD","","","","",999000000000,1,0,1,"LCLB","SPR1"
"auto1@ebs.com",0,1900676,"SPOT","LPLA","LCLB",3994,"SPR1","EBSD","CHF","USD","","","","",999000000000,1,0,1,"LCLB","SPR1"
"auto1@ebs.com",0,1900676,"SPOT","LPLB","LCLB",3994,"SPR1","EBSD","CHF","USD","","","","",999000000000,1,0,1,"LCLB","SPR1"
"auto1@ebs.com",0,1900676,"SPOT","LPP2","LCLB",3994,"SPR1","EBSD","CHF","USD","","","","",999000000000,1,0,0,"LCLB","SPR1"
"auto1@ebs.com",0,1900682,"SPOT","LPLA","LCLB",3994,"SPR1","EBSD","MXN","USD","","","","",999000000000,1,0,1,"LCLB","SPR1"
"auto1@ebs.com",0,1900688,"SPOT","LPLB","LCLB",3994,"SPR1","EBSD","ZAR","USD","","","","",999000000000,1,0,1,"LCLB","SPR1"
"auto1@ebs.com",0,1900733,"SPOT","LPLB","LCLB",3994,"SPR1","EBSD","CZK","USD","","","","",999000000000,1,0,1,"LCLB","SPR1"
"auto1@ebs.com",0,1900736,"SPOT","LPLA","LCLB",3994,"SPR1","EBSD","SGD","USD","","","","",999000000000,1,0,1,"LCLB","SPR1"
"auto1@ebs.com",0,1900737,"SPOT","LPP2","LCLB",3994,"SPR1","EBSD","TRY","USD","","","","",999000000000,1,0,0,"LCLB","SPR1"
"auto1@ebs.com",0,1900740,"SPOT","LPLB","LCLB",3994,"SPR1","EBSD","ILS","USD","","","","",999000000000,1,0,1,"LCLB","SPR1"
"auto1@ebs.com",0,1900740,"SPOT","LPP2","LCLB",3994,"SPR1","EBSD","ILS","USD","","","","",999000000000,1,0,0,"LCLB","SPR1"
"auto1@ebs.com",0,1900757,"SPOT","LPLA","LCLB",3994,"SPR1","EBSD","WMT","USD","","","","",999000000000,1,0,1,"LCLB","SPR1"
"auto1@ebs.com",0,2228355,"SPOT","LPLB","LCLB",3994,"SPR1","EBSD","CAD","EUR","","","","",999000000000,1,0,1,"LCLB","SPR1"
"auto1@ebs.com",0,2228358,"SPOT","LPLA","LCLB",3994,"SPR1","EBSD","DKK","EUR","","","","",999000000000,1,0,1,"LCLB","SPR1"
"auto1@ebs.com",0,2228362,"SPOT","LPLB","LCLB",3994,"SPR1","EBSD","MXN","EUR","","","","",999000000000,1,0,1,"LCLB","SPR1"
"auto1@ebs.com",0,2228364,"SPOT","LPLA","LCLB",3994,"SPR1","EBSD","NZD","EUR","","","","",999000000000,1,0,1,"LCLB","SPR1"
"auto1@ebs.com",0,2228367,"SPOT","LPLB","LCLB",3994,"SPR1","EBSD","USD","EUR","","","","",100000000,1,0,1,"LCLB","SPR1"
"auto1@ebs.com",0,2228415,"SPOT","LPLA","LCLB",3994,"SPR1","EBSD","PLN","EUR","","","","",999000000000,1,0,1,"LCLB","SPR1"
"auto1@ebs.com",0,2228416,"SPOT","LPLA","LCLB",3994,"SPR1","EBSD","SGD","EUR","","","","",999000000000,1,0,1,"LCLB","SPR1"
"auto1@ebs.com",0,2228434,"SPOT","LPLA","LCLB",3994,"SPR1","EBSD","THB","EUR","","","","",999000000000,1,0,1,"LCLB","SPR1"
"auto1@ebs.com",0,2228434,"SPOT","LPLB","LCLB",3994,"SPR1","EBSD","THB","EUR","","","","",999000000000,1,0,1,"LCLB","SPR1"
"auto1@ebs.com",0,8716306,"SPOT","LPLB","LCLB",3994,"SPR1","EBSD","JPY","CNH","","","","",999000000000,1,0,1,"LCLB","SPR1"
"auto1@ebs.com",0,196739,"SPOT","LPP2","LCRF",4157,"SPR1","EBSD","CAD","AUD","","","","",999000000000,1,0,0,"LCRF","SPR1"
"auto1@ebs.com",0,196739,"SPOT","LPRM","LCRF",4157,"SPR1","EBSD","CAD","AUD","","","","",999000000000,0,1,0,"LCRF","SPR1"
"auto1@ebs.com",0,196740,"SPOT","LPP1","LCRF",4157,"SPR1","EBSD","CHF","AUD","","","","",999000000000,1,0,0,"LCRF","SPR1"
"auto1@ebs.com",0,196740,"SPOT","LPP2","LCRF",4157,"SPR1","EBSD","CHF","AUD","","","","",999000000000,1,0,0,"LCRF","SPR1"
"auto1@ebs.com",0,196741,"SPOT","LPRI","LCRF",4157,"SPR1","EBSD","CNH","AUD","","","","",999000000000,0,1,0,"LCRF","SPR1"
"auto1@ebs.com",0,458889,"SPOT","LPRI","LCRF",4157,"SPR1","EBSD","JPY","CHF","","","","",999000000000,0,1,0,"LCRF","SPR1"
"auto1@ebs.com",0,458889,"SPOT","LPRJ","LCRF",4157,"SPR1","EBSD","JPY","CHF","","","","",999000000000,0,1,0,"LCRF","SPR1"
"auto1@ebs.com",0,458894,"SPOT","LPP1","LCRF",4157,"SPR1","EBSD","SEK","CHF","","","","",999000000000,1,0,0,"LCRF","SPR1"
"auto1@ebs.com",0,852098,"SPOT","LPP1","LCRF",4157,"SPR1","EBSD","AUD","GBP","","","","",999000000000,1,0,0,"LCRF","SPR1"
"auto1@ebs.com",0,852105,"SPOT","LPP1","LCRF",4157,"SPR1","EBSD","JPY","GBP","","","","",999000000000,1,0,0,"LCRF","SPR1"
"auto1@ebs.com",0,852108,"SPOT","LPRI","LCRF",4157,"SPR1","EBSD","NZD","GBP","","","","",999000000000,0,1,0,"LCRF","SPR1"
"auto1@ebs.com",0,852111,"SPOT","LPP1","LCRF",4157,"SPR1","EBSD","USD","GBP","","","","",999000000000,1,0,0,"LCRF","SPR1"
"auto1@ebs.com",0,852111,"SPOT","LPRL","LCRF",4157,"SPR1","EBSD","USD","GBP","","","","",999000000000,0,1,0,"LCRF","SPR1"
"auto1@ebs.com",0,1441934,"SPOT","LPRI","LCRF",4157,"SPR1","EBSD","SEK","NOK","","","","",999000000000,0,1,0,"LCRF","SPR1"
"auto1@ebs.com",0,1835141,"SPOT","LPP1","LCRF",4157,"SPR1","EBSD","CNH","SGD","","","","",999000000000,1,0,0,"LCRF","SPR1"
"auto1@ebs.com",0,1900675,"SPOT","LPP1","LCRF",4157,"SPR1","EBSD","CAD","USD","","","","",999000000000,1,0,0,"LCRF","SPR1"
"auto1@ebs.com",0,1900676,"SPOT","LPRL","LCRF",4157,"SPR1","EBSD","CHF","USD","","","","",999000000000,0,1,0,"LCRF","SPR1"
"auto1@ebs.com",0,1900685,"SPOT","LPRM","LCRF",4157,"SPR1","EBSD","RUB","USD","","","","",999000000000,0,1,0,"LCRF","SPR1"
"auto1@ebs.com",0,1900735,"SPOT","LPRI","LCRF",4157,"SPR1","EBSD","PLN","USD","","","","",999000000000,0,1,0,"LCRF","SPR1"
"auto1@ebs.com",0,1900736,"SPOT","LPRI","LCRF",4157,"SPR1","EBSD","SGD","USD","","","","",999000000000,0,1,0,"LCRF","SPR1"
"auto1@ebs.com",0,1900740,"SPOT","LPLA","LCRF",4157,"SPR1","EBSD","ILS","USD","","","","",999000000000,1,0,1,"LCRF","SPR1"
"auto1@ebs.com",0,1900740,"SPOT","LPP1","LCRF",4157,"SPR1","EBSD","ILS","USD","","","","",999000000000,1,0,0,"LCRF","SPR1"
"auto1@ebs.com",0,1900740,"SPOT","LPRI","LCRF",4157,"SPR1","EBSD","ILS","USD","","","","",999000000000,0,1,0,"LCRF","SPR1"
"auto1@ebs.com",0,1900754,"SPOT","LPP1","LCRF",4157,"SPR1","EBSD","THB","USD","","","","",999000000000,1,0,0,"LCRF","SPR1"
"auto1@ebs.com",0,1900757,"SPOT","LPP1","LCRF",4157,"SPR1","EBSD","WMT","USD","","","","",999000000000,1,0,0,"LCRF","SPR1"
"auto1@ebs.com",0,2228354,"SPOT","LPRM","LCRF",4157,"SPR1","EBSD","AUD","EUR","","","","",999000000000,0,1,0,"LCRF","SPR1"
"auto1@ebs.com",0,2228355,"SPOT","LPP1","LCRF",4157,"SPR1","EBSD","CAD","EUR","","","","",999000000000,1,0,0,"LCRF","SPR1"
"auto1@ebs.com",0,2228355,"SPOT","LPRI","LCRF",4157,"SPR1","EBSD","CAD","EUR","","","","",999000000000,0,1,0,"LCRF","SPR1"
"auto1@ebs.com",0,2228356,"SPOT","LPLA","LCRF",4157,"SPR1","EBSD","CHF","EUR","","","","",999000000000,1,0,1,"LCRF","SPR1"
"auto1@ebs.com",0,2228361,"SPOT","LPRM","LCRF",4157,"SPR1","EBSD","JPY","EUR","","","","",999000000000,0,1,0,"LCRF","SPR1"
"auto1@ebs.com",0,2228364,"SPOT","LPRI","LCRF",4157,"SPR1","EBSD","NZD","EUR","","","","",999000000000,0,1,0,"LCRF","SPR1"
"auto1@ebs.com",0,2228366,"SPOT","LPP1","LCRF",4157,"SPR1","EBSD","SEK","EUR","","","","",999000000000,1,0,0,"LCRF","SPR1"
"auto1@ebs.com",0,2228366,"SPOT","LPRJ","LCRF",4157,"SPR1","EBSD","SEK","EUR","","","","",999000000000,0,1,0,"LCRF","SPR1"
"auto1@ebs.com",0,2228366,"SPOT","LPRM","LCRF",4157,"SPR1","EBSD","SEK","EUR","","","","",999000000000,0,1,0,"LCRF","SPR1"
"auto1@ebs.com",0,2228367,"SPOT","LPLA","LCRF",4157,"SPR1","EBSD","USD","EUR","","","","",100000000,1,0,1,"LCRF","SPR1"
"auto1@ebs.com",0,2228415,"SPOT","LPRI","LCRF",4157,"SPR1","EBSD","PLN","EUR","","","","",999000000000,0,1,0,"LCRF","SPR1"
"auto1@ebs.com",0,6226056,"SPOT","LPP1","LCRF",4157,"SPR1","EBSD","HKD","CNY","","","","",999000000000,1,0,0,"LCRF","SPR1"
"auto1@ebs.com",0,6226112,"SPOT","LPP1","LCRF",4157,"SPR1","EBSD","SGD","CNY","","","","",999000000000,1,0,0,"LCRF","SPR1"
"auto1@ebs.com",0,8552461,"SWAP","LPRI","LCRF",4157,"SPR1","EBSD","AUD","GBP","T",0,"M",5,50000000,0,1,0,"LCRF","SPR1"
"auto1@ebs.com",0,8552482,"SWAP","LPRL","LCRF",4157,"SPR1","EBSD","AUD","EUR","T",0,"M",5,50000000,0,1,0,"LCRF","SPR1"
"auto1@ebs.com",0,8585250,"OUTRIGHT","LPRJ","LCRF",4157,"SPR1","EBSD","CAD","EUR","T",0,"M",24,999000000000,0,1,0,"LCRF","SPR1"
"auto1@ebs.com",0,8617987,"SWAP","LPRI","LCRF",4157,"SPR1","EBSD","CAD","AUD","T",0,"M",1,42000000,0,1,0,"LCRF","SPR1"
"auto1@ebs.com",0,8618013,"SWAP","LPRL","LCRF",4157,"SPR1","EBSD","CAD","USD","T",0,"M",24,50000000,0,1,0,"LCRF","SPR1"
"auto1@ebs.com",0,8650765,"OUTRIGHT","LPRI","LCRF",4157,"SPR1","EBSD","CHF","GBP","T",0,"M",24,999000000000,0,1,0,"LCRF","SPR1"
"auto1@ebs.com",0,8650786,"OUTRIGHT","LPRL","LCRF",4157,"SPR1","EBSD","CHF","EUR","T",0,"M",24,999000000000,0,1,0,"LCRF","SPR1"
"auto1@ebs.com",0,8683549,"SWAP","LPRI","LCRF",4157,"SPR1","EBSD","CHF","USD","SPOT",1,"M",5,50000000,0,1,0,"LCRF","SPR1"
"auto1@ebs.com",0,8781858,"OUTRIGHT","LPRI","LCRF",4157,"SPR1","EBSD","DKK","EUR","T",0,"M",24,999000000000,0,1,0,"LCRF","SPR1"
"auto1@ebs.com",0,8847394,"OUTRIGHT","LPRL","LCRF",4157,"SPR1","EBSD","GBP","EUR","T",0,"M",24,999000000000,0,1,0,"LCRF","SPR1"
"auto1@ebs.com",0,8880162,"SWAP","LPRL","LCRF",4157,"SPR1","EBSD","GBP","EUR","T",0,"M",5,50000000,0,1,0,"LCRF","SPR1"
"auto1@ebs.com",0,8912925,"OUTRIGHT","LPRI","LCRF",4157,"SPR1","EBSD","HKD","USD","T",0,"M",24,999000000000,0,1,0,"LCRF","SPR1"
"auto1@ebs.com",0,8978435,"OUTRIGHT","LPRM","LCRF",4157,"SPR1","EBSD","JPY","AUD","T",1,"M",4,23423,0,1,0,"LCRF","SPR1"
"auto1@ebs.com",0,8978439,"OUTRIGHT","LPRI","LCRF",4157,"SPR1","EBSD","JPY","CHF","T",0,"M",24,999000000000,0,1,0,"LCRF","SPR1"
"auto1@ebs.com",0,9011213,"SWAP","LPRL","LCRF",4157,"SPR1","EBSD","JPY","GBP","T",0,"M",5,50000000,0,1,0,"LCRF","SPR1"
"auto1@ebs.com",0,9011229,"SWAP","LPRM","LCRF",4157,"SPR1","EBSD","JPY","USD","T",0,"M",5,50000000,0,1,0,"LCRF","SPR1"
"auto1@ebs.com",0,9011234,"SWAP","LPRI","LCRF",4157,"SPR1","EBSD","JPY","EUR","T",0,"M",5,20000000,0,1,0,"LCRF","SPR1"
"auto1@ebs.com",0,9011234,"SWAP","LPRJ","LCRF",4157,"SPR1","EBSD","JPY","EUR","T",0,"M",5,20000000,0,1,0,"LCRF","SPR1"
"auto1@ebs.com",0,9175074,"OUTRIGHT","LPRI","LCRF",4157,"SPR1","EBSD","NZD","EUR","T",0,"M",24,999000000000,0,1,0,"LCRF","SPR1"
"auto1@ebs.com",0,9240605,"OUTRIGHT","LPRJ","LCRF",4157,"SPR1","EBSD","RUB","USD","T",0,"M",24,999000000000,0,1,0,"LCRF","SPR1"
"auto1@ebs.com",0,9306146,"OUTRIGHT","LPRL","LCRF",4157,"SPR1","EBSD","SEK","EUR","T",0,"M",24,999000000000,0,1,0,"LCRF","SPR1"
"auto1@ebs.com",0,9338914,"SWAP","LPRL","LCRF",4157,"SPR1","EBSD","SEK","EUR","T",0,"M",5,50000000,0,1,0,"LCRF","SPR1"
"auto1@ebs.com",0,9371671,"OUTRIGHT","LPRI","LCRF",4157,"SPR1","EBSD","USD","NZD","T",0,"M",24,999000000000,0,1,0,"LCRF","SPR1"
"auto1@ebs.com",0,9371682,"OUTRIGHT","LPRM","LCRF",4157,"SPR1","EBSD","USD","EUR","T",0,"M",6,50000000,0,1,0,"LCRF","SPR1"
"auto1@ebs.com",0,12386338,"OUTRIGHT","LPRI","LCRF",4157,"SPR1","EBSD","CZK","EUR","T",0,"M",24,999000000000,0,1,0,"LCRF","SPR1"
"auto1@ebs.com",0,12419106,"SWAP","LPRI","LCRF",4157,"SPR1","EBSD","CZK","EUR","T",0,"M",5,50000000,0,1,0,"LCRF","SPR1"
"auto1@ebs.com",0,12582941,"OUTRIGHT","LPRI","LCRF",4157,"SPR1","EBSD","SGD","USD","T",0,"M",24,999000000000,0,1,0,"LCRF","SPR1"
"auto1@ebs.com",0,196739,"SPOT","LPP2","LCLD",4393,"SPR1","EBSD","CAD","AUD","","","","",999000000000,1,0,0,"LCLD","SPR1"
"auto1@ebs.com",0,196740,"SPOT","LPLB","LCLD",4393,"SPR1","EBSD","CHF","AUD","","","","",999000000000,0,0,1,"LCLD","SPR1"
"auto1@ebs.com",0,196744,"SPOT","LPP2","LCLD",4393,"SPR1","EBSD","HKD","AUD","","","","",1,1,0,0,"LCLD","SPR1"
"auto1@ebs.com",0,196745,"SPOT","LPLA","LCLD",4393,"SPR1","EBSD","JPY","AUD","","","","",999000000000,1,0,1,"LCLD","SPR1"
"auto1@ebs.com",0,196748,"SPOT","LPLB","LCLD",4393,"SPR1","EBSD","NZD","AUD","","","","",999000000000,1,0,1,"LCLD","SPR1"
"auto1@ebs.com",0,196751,"SPOT","LPLA","LCLD",4393,"SPR1","EBSD","USD","AUD","","","","",999000000000,1,0,1,"LCLD","SPR1"
"auto1@ebs.com",0,1900676,"SPOT","LPP2","LCLD",4393,"SPR1","EBSD","CHF","USD","","","","",999000000000,1,0,0,"LCLD","SPR1"
"auto1@ebs.com",0,1900681,"SPOT","LPLB","LCLD",4393,"SPR1","EBSD","JPY","USD","","","","",999000000000,1,0,1,"LCLD","SPR1"
"auto1@ebs.com",0,1900685,"SPOT","LPLA","LCLD",4393,"SPR1","EBSD","RUB","USD","","","","",999000000000,1,0,1,"LCLD","SPR1"
"auto1@ebs.com",0,1900685,"SPOT","LPLB","LCLD",4393,"SPR1","EBSD","RUB","USD","","","","",999000000000,1,0,1,"LCLD","SPR1"
"auto1@ebs.com",0,2228354,"SPOT","LPP2","LCLD",4393,"SPR1","EBSD","AUD","EUR","","","","",999000000000,1,0,0,"LCLD","SPR1"
"auto1@ebs.com",0,2228356,"SPOT","LPRM","LCLD",4393,"SPR1","EBSD","CHF","EUR","","","","",999000000000,0,1,0,"LCLD","SPR1"
"auto1@ebs.com",0,2228361,"SPOT","LPP1","LCLD",4393,"SPR1","EBSD","JPY","EUR","","","","",999000000000,1,0,0,"LCLD","SPR1"
"auto1@ebs.com",0,2228367,"SPOT","LPRK","LCLD",4393,"SPR1","EBSD","USD","EUR","","","","",100000000,0,1,0,"LCLD","SPR1"
"auto1@ebs.com",0,8519714,"OUTRIGHT","LPRJ","LCLD",4393,"SPR1","EBSD","AUD","EUR","T",0,"M",24,999000000000,0,1,0,"LCLD","SPR1"
"auto1@ebs.com",0,8585219,"OUTRIGHT","LPRM","LCLD",4393,"SPR1","EBSD","CAD","AUD","T",1,"M",4,30000000,0,1,0,"LCLD","SPR1"
"auto1@ebs.com",0,8683554,"SWAP","LPRM","LCLD",4393,"SPR1","EBSD","CHF","EUR","T",0,"M",5,50000000,0,1,0,"LCLD","SPR1"
"auto1@ebs.com",0,8847394,"OUTRIGHT","LPRK","LCLD",4393,"SPR1","EBSD","GBP","EUR","T",0,"M",24,999000000000,0,1,0,"LCLD","SPR1"
"auto1@ebs.com",0,9011203,"SWAP","LPRL","LCLD",4393,"SPR1","EBSD","JPY","AUD","SPOT",1,"M",5,50000000,0,1,0,"LCLD","SPR1"
"auto1@ebs.com",0,9011213,"SWAP","LPRK","LCLD",4393,"SPR1","EBSD","JPY","GBP","T",0,"M",5,50000000,0,1,0,"LCLD","SPR1"
"auto1@ebs.com",0,9011234,"SWAP","LPRJ","LCLD",4393,"SPR1","EBSD","JPY","EUR","T",0,"M",5,20000000,0,1,0,"LCLD","SPR1"
"auto1@ebs.com",0,9240605,"OUTRIGHT","LPRK","LCLD",4393,"SPR1","EBSD","RUB","USD","T",0,"M",24,999000000000,0,1,0,"LCLD","SPR1"
"auto1@ebs.com",0,9273373,"SWAP","LPRK","LCLD",4393,"SPR1","EBSD","RUB","USD","T",0,"M",24,50000000,0,1,0,"LCLD","SPR1"
"auto1@ebs.com",0,9306146,"OUTRIGHT","LPRM","LCLD",4393,"SPR1","EBSD","SEK","EUR","T",0,"M",24,999000000000,0,1,0,"LCLD","SPR1"
"auto1@ebs.com",0,9404419,"SWAP","LPRI","LCLD",4393,"SPR1","EBSD","USD","AUD","T",0,"M",5,50000000,0,1,0,"LCLD","SPR1"
"auto1@ebs.com",0,9404429,"SWAP","LPRI","LCLD",4393,"SPR1","EBSD","USD","GBP","T",0,"M",5,50000000,0,1,0,"LCLD","SPR1"
"auto1@ebs.com",0,9404450,"SWAP","LP32","LCLD",4393,"SPR1","EBSD","USD","EUR","T",0,"M",3,999000000000,0,1,0,"LCLD","SPR1"
"auto1@ebs.com",0,196741,"SPOT","LPLB","LCLB",3994,"SPR1","EBSD","CNH","AUD","","","","",999000000000,1,0,1,"LCLB","SPR1"
"auto1@ebs.com",0,196744,"SPOT","LPP2","LCLB",3994,"SPR1","EBSD","HKD","AUD","","","","",1,1,0,0,"LCLB","SPR1"
"auto1@ebs.com",0,196748,"SPOT","LPLB","LCLB",3994,"SPR1","EBSD","NZD","AUD","","","","",999000000000,1,0,1,"LCLB","SPR1"
"auto1@ebs.com",0,196751,"SPOT","LPLA","LCLB",3994,"SPR1","EBSD","USD","AUD","","","","",999000000000,1,0,1,"LCLB","SPR1"
"auto1@ebs.com",0,458891,"SPOT","LPLA","LCLB",3994,"SPR1","EBSD","NOK","CHF","","","","",999000000000,1,0,1,"LCLB","SPR1"
"auto1@ebs.com",0,458891,"SPOT","LPLB","LCLB",3994,"SPR1","EBSD","NOK","CHF","","","","",999000000000,1,0,1,"LCLB","SPR1"
"auto1@ebs.com",0,852102,"SPOT","LPLA","LCLB",3994,"SPR1","EBSD","DKK","GBP","","","","",999000000000,1,0,1,"LCLB","SPR1"
"auto1@ebs.com",0,852109,"SPOT","LPLB","LCLB",3994,"SPR1","EBSD","RUB","GBP","","","","",999000000000,1,0,1,"LCLB","SPR1"
"auto1@ebs.com",0,852177,"SPOT","LPLA","LCLB",3994,"SPR1","EBSD","RON","GBP","","","","",999000000000,1,0,1,"LCLB","SPR1"
"auto1@ebs.com",0,1507459,"SPOT","LPLB","LCLB",3994,"SPR1","EBSD","CAD","NZD","","","","",999000000000,1,0,1,"LCLB","SPR1"
"auto1@ebs.com",0,1900737,"SPOT","LPLA","LCLB",3994,"SPR1","EBSD","TRY","USD","","","","",999000000000,1,0,1,"LCLB","SPR1"
"auto1@ebs.com",0,2228355,"SPOT","LPLA","LCLB",3994,"SPR1","EBSD","CAD","EUR","","","","",999000000000,1,0,1,"LCLB","SPR1"
"auto1@ebs.com",0,2228356,"SPOT","LPLB","LCLB",3994,"SPR1","EBSD","CHF","EUR","","","","",999000000000,1,0,1,"LCLB","SPR1"
"auto1@ebs.com",0,2228360,"SPOT","LPLA","LCLB",3994,"SPR1","EBSD","HKD","EUR","","","","",999000000000,1,0,1,"LCLB","SPR1"
"auto1@ebs.com",0,2228361,"SPOT","LPLA","LCLB",3994,"SPR1","EBSD","JPY","EUR","","","","",999000000000,1,0,1,"LCLB","SPR1"
"auto1@ebs.com",0,2228362,"SPOT","LPLA","LCLB",3994,"SPR1","EBSD","MXN","EUR","","","","",999000000000,1,0,1,"LCLB","SPR1"
"auto1@ebs.com",0,2228367,"SPOT","LPP2","LCLB",3994,"SPR1","EBSD","USD","EUR","","","","",100000000,1,0,0,"LCLB","SPR1"
"auto1@ebs.com",0,2228413,"SPOT","LPLA","LCLB",3994,"SPR1","EBSD","CZK","EUR","","","","",999000000000,1,0,1,"LCLB","SPR1"
"auto1@ebs.com",0,2228414,"SPOT","LPP2","LCLB",3994,"SPR1","EBSD","HUF","EUR","","","","",999000000000,1,0,0,"LCLB","SPR1"
"auto1@ebs.com",0,2228420,"SPOT","LPLA","LCLB",3994,"SPR1","EBSD","ILS","EUR","","","","",999000000000,1,0,1,"LCLB","SPR1"
"auto1@ebs.com",0,2228420,"SPOT","LPP2","LCLB",3994,"SPR1","EBSD","ILS","EUR","","","","",999000000000,1,0,0,"LCLB","SPR1"
"auto1@ebs.com",0,6226057,"SPOT","LPLA","LCLB",3994,"SPR1","EBSD","JPY","CNY","","","","",999000000000,1,0,1,"LCLB","SPR1"
"auto1@ebs.com",0,196739,"SPOT","LPLL","LCRF",4157,"SPR1","EBSD","CAD","AUD","","","","",999000000000,1,0,0,"LCRF","SPR1"
"auto1@ebs.com",0,196739,"SPOT","LPRI","LCRF",4157,"SPR1","EBSD","CAD","AUD","","","","",999000000000,0,1,0,"LCRF","SPR1"
"auto1@ebs.com",0,196740,"SPOT","LPRL","LCRF",4157,"SPR1","EBSD","CHF","AUD","","","","",999000000000,0,1,0,"LCRF","SPR1"
"auto1@ebs.com",0,196745,"SPOT","LPLB","LCRF",4157,"SPR1","EBSD","JPY","AUD","","","","",999000000000,1,0,1,"LCRF","SPR1"
"auto1@ebs.com",0,196745,"SPOT","LPP2","LCRF",4157,"SPR1","EBSD","JPY","AUD","","","","",999000000000,1,0,0,"LCRF","SPR1"
"auto1@ebs.com",0,196745,"SPOT","LPRL","LCRF",4157,"SPR1","EBSD","JPY","AUD","","","","",999000000000,0,1,0,"LCRF","SPR1"
"auto1@ebs.com",0,196748,"SPOT","LPRI","LCRF",4157,"SPR1","EBSD","NZD","AUD","","","","",999000000000,0,1,0,"LCRF","SPR1"
"auto1@ebs.com",0,196751,"SPOT","LPLA","LCRF",4157,"SPR1","EBSD","USD","AUD","","","","",999000000000,1,0,1,"LCRF","SPR1"
"auto1@ebs.com",0,196751,"SPOT","LPRL","LCRF",4157,"SPR1","EBSD","USD","AUD","","","","",999000000000,0,1,0,"LCRF","SPR1"
"auto1@ebs.com",0,393353,"SPOT","LP32","LCRF",4157,"SPR1","EBSD","JPY","CAD","","","","",999000000000,0,1,0,"LCRF","SPR1"
"auto1@ebs.com",0,393353,"SPOT","LPP2","LCRF",4157,"SPR1","EBSD","JPY","CAD","","","","",999000000000,1,0,0,"LCRF","SPR1"
"auto1@ebs.com",0,852105,"SPOT","LPLB","LCRF",4157,"SPR1","EBSD","JPY","GBP","","","","",999000000000,1,0,1,"LCRF","SPR1"
"auto1@ebs.com",0,1900676,"SPOT","LPP2","LCRF",4157,"SPR1","EBSD","CHF","USD","","","","",999000000000,1,0,0,"LCRF","SPR1"
"auto1@ebs.com",0,1900683,"SPOT","LPRI","LCRF",4157,"SPR1","EBSD","NOK","USD","","","","",999000000000,0,1,0,"LCRF","SPR1"
"auto1@ebs.com",0,1900685,"SPOT","LPLB","LCRF",4157,"SPR1","EBSD","RUB","USD","","","","",999000000000,1,0,1,"LCRF","SPR1"
"auto1@ebs.com",0,1900686,"SPOT","LPP1","LCRF",4157,"SPR1","EBSD","SEK","USD","","","","",999000000000,1,0,0,"LCRF","SPR1"
"auto1@ebs.com",0,1900688,"SPOT","LPP1","LCRF",4157,"SPR1","EBSD","ZAR","USD","","","","",999000000000,1,0,0,"LCRF","SPR1"
"auto1@ebs.com",0,1900688,"SPOT","LPRI","LCRF",4157,"SPR1","EBSD","ZAR","USD","","","","",999000000000,0,1,0,"LCRF","SPR1"
"auto1@ebs.com",0,1900734,"SPOT","LPLA","LCRF",4157,"SPR1","EBSD","HUF","USD","","","","",999000000000,1,0,0,"LCRF","SPR1"
"auto1@ebs.com",0,1900734,"SPOT","LPLB","LCRF",4157,"SPR1","EBSD","HUF","USD","","","","",999000000000,1,0,0,"LCRF","SPR1"
"auto1@ebs.com",0,2228354,"SPOT","LPLA","LCRF",4157,"SPR1","EBSD","AUD","EUR","","","","",999000000000,1,0,1,"LCRF","SPR1"
"auto1@ebs.com",0,2228359,"SPOT","LPRL","LCRF",4157,"SPR1","EBSD","GBP","EUR","","","","",999000000000,0,1,0,"LCRF","SPR1"
"auto1@ebs.com",0,2228361,"SPOT","LPP1","LCRF",4157,"SPR1","EBSD","JPY","EUR","","","","",999000000000,1,0,0,"LCRF","SPR1"
"auto1@ebs.com",0,2228361,"SPOT","LPRI","LCRF",4157,"SPR1","EBSD","JPY","EUR","","","","",999000000000,0,1,0,"LCRF","SPR1"
"auto1@ebs.com",0,2228365,"SPOT","LPRI","LCRF",4157,"SPR1","EBSD","RUB","EUR","","","","",999000000000,0,1,0,"LCRF","SPR1"
"auto1@ebs.com",0,2228367,"SPOT","LP32","LCRF",4157,"SPR1","EBSD","USD","EUR","","","","",100000000,0,1,0,"LCRF","SPR1"
"auto1@ebs.com",0,2228367,"SPOT","LPLB","LCRF",4157,"SPR1","EBSD","USD","EUR","","","","",100000000,1,0,1,"LCRF","SPR1"
"auto1@ebs.com",0,2228415,"SPOT","LPP1","LCRF",4157,"SPR1","EBSD","PLN","EUR","","","","",999000000000,1,0,0,"LCRF","SPR1"
"auto1@ebs.com",0,2228420,"SPOT","LPP1","LCRF",4157,"SPR1","EBSD","ILS","EUR","","","","",999000000000,1,0,0,"LCRF","SPR1"
"auto1@ebs.com",0,8617987,"SWAP","LPRJ","LCRF",4157,"SPR1","EBSD","CAD","AUD","T",0,"M",1,42000000,0,1,0,"LCRF","SPR1"
"auto1@ebs.com",0,8617987,"SWAP","LPRL","LCRF",4157,"SPR1","EBSD","CAD","AUD","T",0,"M",1,42000000,0,1,0,"LCRF","SPR1"
"auto1@ebs.com",0,8618007,"SWAP","LPRI","LCRF",4157,"SPR1","EBSD","CAD","NZD","SPOT",1,"M",5,50000000,0,1,0,"LCRF","SPR1"
"auto1@ebs.com",0,8618018,"SWAP","LPRM","LCRF",4157,"SPR1","EBSD","CAD","EUR","T",0,"M",5,50000000,0,1,0,"LCRF","SPR1"
"auto1@ebs.com",0,8683533,"SWAP","LPRI","LCRF",4157,"SPR1","EBSD","CHF","GBP","T",0,"M",5,50000000,0,1,0,"LCRF","SPR1"
"auto1@ebs.com",0,8716306,"SPOT","LPP1","LCRF",4157,"SPR1","EBSD","JPY","CNH","","","","",999000000000,1,0,0,"LCRF","SPR1"
"auto1@ebs.com",0,8814626,"SWAP","LPRI","LCRF",4157,"SPR1","EBSD","DKK","EUR","T",0,"M",5,50000000,0,1,0,"LCRF","SPR1"
"auto1@ebs.com",0,8978435,"OUTRIGHT","LPRL","LCRF",4157,"SPR1","EBSD","JPY","AUD","T",1,"M",4,23423,0,1,0,"LCRF","SPR1"
"auto1@ebs.com",0,8978461,"OUTRIGHT","LPRL","LCRF",4157,"SPR1","EBSD","JPY","USD","T",0,"M",24,999000000000,0,1,0,"LCRF","SPR1"
"auto1@ebs.com",0,8978466,"OUTRIGHT","LPRJ","LCRF",4157,"SPR1","EBSD","JPY","EUR","W",3,"M",24,2000000,0,1,0,"LCRF","SPR1"
"auto1@ebs.com",0,9011203,"SWAP","LPRI","LCRF",4157,"SPR1","EBSD","JPY","AUD","SPOT",1,"M",5,50000000,0,1,0,"LCRF","SPR1"
"auto1@ebs.com",0,9011229,"SWAP","LPRI","LCRF",4157,"SPR1","EBSD","JPY","USD","T",0,"M",5,50000000,0,1,0,"LCRF","SPR1"
"auto1@ebs.com",0,9273373,"SWAP","LPRJ","LCRF",4157,"SPR1","EBSD","RUB","USD","W",3,"M",2,50000000,0,1,0,"LCRF","SPR1"
"auto1@ebs.com",0,9306146,"OUTRIGHT","LPRJ","LCRF",4157,"SPR1","EBSD","SEK","EUR","T",0,"M",24,999000000000,0,1,0,"LCRF","SPR1"
"auto1@ebs.com",0,9371661,"OUTRIGHT","LPRI","LCRF",4157,"SPR1","EBSD","USD","GBP","T",0,"M",24,999000000000,0,1,0,"LCRF","SPR1"
"auto1@ebs.com",0,9404419,"SWAP","LPRI","LCRF",4157,"SPR1","EBSD","USD","AUD","T",0,"M",5,50000000,0,1,0,"LCRF","SPR1"
"auto1@ebs.com",0,9404450,"SWAP","LPRL","LCRF",4157,"SPR1","EBSD","USD","EUR","T",0,"M",3,999000000000,0,1,0,"LCRF","SPR1"
"auto1@ebs.com",0,9404450,"SWAP","LPRM","LCRF",4157,"SPR1","EBSD","USD","EUR","T",0,"M",3,999000000000,0,1,0,"LCRF","SPR1"
"auto1@ebs.com",0,9469981,"SWAP","LPRI","LCRF",4157,"SPR1","EBSD","ZAR","USD","SPOT",1,"M",5,50000000,0,1,0,"LCRF","SPR1"
"auto1@ebs.com",0,12582941,"OUTRIGHT","LPRL","LCRF",4157,"SPR1","EBSD","SGD","USD","T",0,"M",24,999000000000,0,1,0,"LCRF","SPR1"
"auto1@ebs.com",0,12615709,"SWAP","LPRL","LCRF",4157,"SPR1","EBSD","SGD","USD","SPOT",1,"M",5,50000000,0,1,0,"LCRF","SPR1"
"auto1@ebs.com",0,196739,"SPOT","LPP1","LCLD",4393,"SPR1","EBSD","CAD","AUD","","","","",999000000000,1,0,0,"LCLD","SPR1"
"auto1@ebs.com",0,196745,"SPOT","LPLB","LCLD",4393,"SPR1","EBSD","JPY","AUD","","","","",999000000000,1,0,1,"LCLD","SPR1"
"auto1@ebs.com",0,852105,"SPOT","LPLA","LCLD",4393,"SPR1","EBSD","JPY","GBP","","","","",999000000000,1,0,1,"LCLD","SPR1"
"auto1@ebs.com",0,1179781,"OUTRIGHT","LPRK","LCLD",4393,"SPR1","EBSD","JPY","CNH","M",5,"M",5,999000000000,0,1,0,"LCLD","SPR1"
"auto1@ebs.com",0,2228354,"SPOT","LPLA","LCLD",4393,"SPR1","EBSD","AUD","EUR","","","","",999000000000,1,0,1,"LCLD","SPR1"
"auto1@ebs.com",0,2228355,"SPOT","LPP2","LCLD",4393,"SPR1","EBSD","CAD","EUR","","","","",999000000000,1,0,0,"LCLD","SPR1"
"auto1@ebs.com",0,2228356,"SPOT","LPLB","LCLD",4393,"SPR1","EBSD","CHF","EUR","","","","",999000000000,1,0,1,"LCLD","SPR1"
"auto1@ebs.com",0,2228359,"SPOT","LPLA","LCLD",4393,"SPR1","EBSD","GBP","EUR","","","","",999000000000,1,0,1,"LCLD","SPR1"
"auto1@ebs.com",0,2228367,"SPOT","LPLK","LCLD",4393,"SPR1","EBSD","USD","EUR","","","","",100000000,1,0,0,"LCLD","SPR1"
"auto1@ebs.com",0,8519714,"OUTRIGHT","LPRI","LCLD",4393,"SPR1","EBSD","AUD","EUR","T",1,"M",24,999000000000,0,1,0,"LCLD","SPR1"
"auto1@ebs.com",0,8585250,"OUTRIGHT","LPRI","LCLD",4393,"SPR1","EBSD","CAD","EUR","T",0,"M",24,999000000000,0,1,0,"LCLD","SPR1"
"auto1@ebs.com",0,8585250,"OUTRIGHT","LPRJ","LCLD",4393,"SPR1","EBSD","CAD","EUR","T",0,"M",24,999000000000,0,1,0,"LCLD","SPR1"
"auto1@ebs.com",0,8585250,"OUTRIGHT","LPRK","LCLD",4393,"SPR1","EBSD","CAD","EUR","T",0,"M",24,999000000000,0,1,0,"LCLD","SPR1"
"auto1@ebs.com",0,8650786,"OUTRIGHT","LPRM","LCLD",4393,"SPR1","EBSD","CHF","EUR","T",0,"M",24,999000000000,0,1,0,"LCLD","SPR1"
"auto1@ebs.com",0,8650786,"OUTRIGHT","LPRI","LCLD",4393,"SPR1","EBSD","CHF","EUR","W",1,"M",24,999000000000,0,1,0,"LCLD","SPR1"
"auto1@ebs.com",0,8781858,"OUTRIGHT","LPRI","LCLD",4393,"SPR1","EBSD","DKK","EUR","T",0,"M",24,999000000000,0,1,0,"LCLD","SPR1"
"auto1@ebs.com",0,8978445,"OUTRIGHT","LPRM","LCLD",4393,"SPR1","EBSD","JPY","GBP","T",0,"M",24,999000000000,0,1,0,"LCLD","SPR1"
"auto1@ebs.com",0,9011213,"SWAP","LPRL","LCLD",4393,"SPR1","EBSD","JPY","GBP","T",0,"M",5,50000000,0,1,0,"LCLD","SPR1"
"auto1@ebs.com",0,9011229,"SWAP","LPRM","LCLD",4393,"SPR1","EBSD","JPY","USD","T",0,"M",5,50000000,0,1,0,"LCLD","SPR1"
"auto1@ebs.com",0,9109538,"OUTRIGHT","LPRI","LCLD",4393,"SPR1","EBSD","NOK","EUR","SPOT",1,"M",24,999000000000,0,1,0,"LCLD","SPR1"
"auto1@ebs.com",0,9404450,"SWAP","LP33","LCLD",4393,"SPR1","EBSD","USD","EUR","T",0,"M",3,999000000000,0,1,0,"LCLD","SPR1"
"auto1@ebs.com",0,9404450,"SWAP","LPRM","LCLD",4393,"SPR1","EBSD","USD","EUR","T",0,"M",3,999000000000,0,1,0,"LCLD","SPR1"
"auto1@ebs.com",0,852100,"SPOT","LPLA","LCLB",3994,"SPR1","EBSD","CHF","GBP","","","","",999000000000,1,0,1,"LCLB","SPR1"
"auto1@ebs.com",0,852107,"SPOT","LPLB","LCLB",3994,"SPR1","EBSD","NOK","GBP","","","","",999000000000,1,0,1,"LCLB","SPR1"
"auto1@ebs.com",0,852110,"SPOT","LPLA","LCLB",3994,"SPR1","EBSD","SEK","GBP","","","","",999000000000,1,0,1,"LCLB","SPR1"
"auto1@ebs.com",0,852158,"SPOT","LPLA","LCLB",3994,"SPR1","EBSD","HUF","GBP","","","","",999000000000,1,0,1,"LCLB","SPR1"
"auto1@ebs.com",0,1900686,"SPOT","LPLA","LCLB",3994,"SPR1","EBSD","SEK","USD","","","","",999000000000,1,0,1,"LCLB","SPR1"
"auto1@ebs.com",0,1900736,"SPOT","LPLB","LCLB",3994,"SPR1","EBSD","SGD","USD","","","","",999000000000,1,0,1,"LCLB","SPR1"
"auto1@ebs.com",0,2228365,"SPOT","LPLA","LCLB",3994,"SPR1","EBSD","RUB","EUR","","","","",999000000000,1,0,1,"LCLB","SPR1"
"auto1@ebs.com",0,2228417,"SPOT","LPP1","LCLB",3994,"SPR1","EBSD","TRY","EUR","","","","",999000000000,1,0,0,"LCLB","SPR1"
"auto1@ebs.com",0,6226112,"SPOT","LPLA","LCLB",3994,"SPR1","EBSD","SGD","CNY","","","","",999000000000,1,0,1,"LCLB","SPR1"
"auto1@ebs.com",0,196739,"SPOT","LPP1","LCRF",4157,"SPR1","EBSD","CAD","AUD","","","","",999000000000,1,0,0,"LCRF","SPR1"
"auto1@ebs.com",0,196740,"SPOT","LPE2","LCRF",4157,"SPR1","EBSD","CHF","AUD","","","","",999000000000,1,0,0,"LCRF","SPR1"
"auto1@ebs.com",0,196748,"SPOT","LPLA","LCRF",4157,"SPR1","EBSD","NZD","AUD","","","","",999000000000,1,0,1,"LCRF","SPR1"
"auto1@ebs.com",0,393353,"SPOT","LP33","LCRF",4157,"SPR1","EBSD","JPY","CAD","","","","",999000000000,0,1,0,"LCRF","SPR1"
"auto1@ebs.com",0,393353,"SPOT","LPRI","LCRF",4157,"SPR1","EBSD","JPY","CAD","","","","",999000000000,0,1,0,"LCRF","SPR1"
"auto1@ebs.com",0,852099,"SPOT","LPLB","LCRF",4157,"SPR1","EBSD","CAD","GBP","","","","",999000000000,1,0,1,"LCRF","SPR1"
"auto1@ebs.com",0,852105,"SPOT","LPRI","LCRF",4157,"SPR1","EBSD","JPY","GBP","","","","",999000000000,0,1,0,"LCRF","SPR1"
"auto1@ebs.com",0,852105,"SPOT","LPRJ","LCRF",4157,"SPR1","EBSD","JPY","GBP","","","","",999000000000,0,1,0,"LCRF","SPR1"
"auto1@ebs.com",0,852109,"SPOT","LPP1","LCRF",4157,"SPR1","EBSD","RUB","GBP","","","","",999000000000,1,0,0,"LCRF","SPR1"
"auto1@ebs.com",0,852110,"SPOT","LPP1","LCRF",4157,"SPR1","EBSD","SEK","GBP","","","","",999000000000,1,0,0,"LCRF","SPR1"
"auto1@ebs.com",0,852111,"SPOT","LPLA","LCRF",4157,"SPR1","EBSD","USD","GBP","","","","",999000000000,0,0,1,"LCRF","SPR1"
"auto1@ebs.com",0,852111,"SPOT","LPRI","LCRF",4157,"SPR1","EBSD","USD","GBP","","","","",999000000000,0,1,0,"LCRF","SPR1"
"auto1@ebs.com",0,852111,"SPOT","LPRM","LCRF",4157,"SPR1","EBSD","USD","GBP","","","","",999000000000,0,1,0,"LCRF","SPR1"
"auto1@ebs.com",0,852159,"SPOT","LPP1","LCRF",4157,"SPR1","EBSD","PLN","GBP","","","","",999000000000,1,0,0,"LCRF","SPR1"
"auto1@ebs.com",0,983177,"SPOT","LPP1","LCRF",4157,"SPR1","EBSD","JPY","HKD","","","","",999000000000,1,0,0,"LCRF","SPR1"
"auto1@ebs.com",0,1507459,"SPOT","LPRI","LCRF",4157,"SPR1","EBSD","CAD","NZD","","","","",999000000000,0,1,0,"LCRF","SPR1"
"auto1@ebs.com",0,1900677,"SPOT","LPRI","LCRF",4157,"SPR1","EBSD","CNH","USD","","","","",999000000000,0,1,0,"LCRF","SPR1"
"auto1@ebs.com",0,1900685,"SPOT","LPRL","LCRF",4157,"SPR1","EBSD","RUB","USD","","","","",999000000000,0,1,0,"LCRF","SPR1"
"auto1@ebs.com",0,1900737,"SPOT","LPP2","LCRF",4157,"SPR1","EBSD","TRY","USD","","","","",999000000000,1,0,0,"LCRF","SPR1"
"auto1@ebs.com",0,1900753,"SPOT","LPP1","LCRF",4157,"SPR1","EBSD","RON","USD","","","","",999000000000,1,0,0,"LCRF","SPR1"
"auto1@ebs.com",0,2228356,"SPOT","LPRM","LCRF",4157,"SPR1","EBSD","CHF","EUR","","","","",999000000000,0,1,0,"LCRF","SPR1"
"auto1@ebs.com",0,2228357,"SPOT","LPP1","LCRF",4157,"SPR1","EBSD","CNH","EUR","","","","",999000000000,1,0,0,"LCRF","SPR1"
"auto1@ebs.com",0,2228357,"SPOT","LPRI","LCRF",4157,"SPR1","EBSD","CNH","EUR","","","","",999000000000,0,1,0,"LCRF","SPR1"
"auto1@ebs.com",0,2228359,"SPOT","LPP2","LCRF",4157,"SPR1","EBSD","GBP","EUR","","","","",999000000000,1,0,0,"LCRF","SPR1"
"auto1@ebs.com",0,2228359,"SPOT","LPRM","LCRF",4157,"SPR1","EBSD","GBP","EUR","","","","",999000000000,0,1,0,"LCRF","SPR1"
"auto1@ebs.com",0,2228361,"SPOT","LPRJ","LCRF",4157,"SPR1","EBSD","JPY","EUR","","","","",999000000000,0,1,0,"LCRF","SPR1"
"auto1@ebs.com",0,2228362,"SPOT","LPP1","LCRF",4157,"SPR1","EBSD","MXN","EUR","","","","",999000000000,1,0,0,"LCRF","SPR1"
"auto1@ebs.com",0,2228364,"SPOT","LPP1","LCRF",4157,"SPR1","EBSD","NZD","EUR","","","","",999000000000,1,0,0,"LCRF","SPR1"
"auto1@ebs.com",0,2228366,"SPOT","LPLA","LCRF",4157,"SPR1","EBSD","SEK","EUR","","","","",999000000000,1,0,1,"LCRF","SPR1"
"auto1@ebs.com",0,2228368,"SPOT","LPRI","LCRF",4157,"SPR1","EBSD","ZAR","EUR","","","","",999000000000,0,1,0,"LCRF","SPR1"
"auto1@ebs.com",0,2228413,"SPOT","LPRI","LCRF",4157,"SPR1","EBSD","CZK","EUR","","","","",999000000000,0,1,0,"LCRF","SPR1"
"auto1@ebs.com",0,2228420,"SPOT","LPP2","LCRF",4157,"SPR1","EBSD","ILS","EUR","","","","",999000000000,1,0,0,"LCRF","SPR1"
"auto1@ebs.com",0,8519714,"OUTRIGHT","LPRJ","LCRF",4157,"SPR1","EBSD","AUD","EUR","T",0,"M",24,999000000000,0,1,0,"LCRF","SPR1"
"auto1@ebs.com",0,8552482,"SWAP","LPRJ","LCRF",4157,"SPR1","EBSD","AUD","EUR","T",0,"M",5,50000000,0,1,0,"LCRF","SPR1"
"auto1@ebs.com",0,8585245,"OUTRIGHT","LPRI","LCRF",4157,"SPR1","EBSD","CAD","USD","T",0,"M",24,12000,0,1,0,"LCRF","SPR1"
"auto1@ebs.com",0,8650786,"OUTRIGHT","LPRI","LCRF",4157,"SPR1","EBSD","CHF","EUR","T",0,"M",24,999000000000,0,1,0,"LCRF","SPR1"
"auto1@ebs.com",0,8650786,"OUTRIGHT","LPRJ","LCRF",4157,"SPR1","EBSD","CHF","EUR","T",0,"M",24,999000000000,0,1,0,"LCRF","SPR1"
"auto1@ebs.com",0,8683554,"SWAP","LPRM","LCRF",4157,"SPR1","EBSD","CHF","EUR","T",0,"M",5,50000000,0,1,0,"LCRF","SPR1"
"auto1@ebs.com",0,8716317,"OUTRIGHT","LPRI","LCRF",4157,"SPR1","EBSD","CNH","USD","T",0,"M",24,999000000000,0,1,0,"LCRF","SPR1"
"auto1@ebs.com",0,8716317,"OUTRIGHT","LPRL","LCRF",4157,"SPR1","EBSD","CNH","USD","T",0,"M",24,999000000000,0,1,0,"LCRF","SPR1"
"auto1@ebs.com",0,8749085,"SWAP","LPRL","LCRF",4157,"SPR1","EBSD","CNH","USD","SPOT",1,"M",5,50000000,0,1,0,"LCRF","SPR1"
"auto1@ebs.com",0,8749090,"SWAP","LPRI","LCRF",4157,"SPR1","EBSD","CNH","EUR","T",0,"M",5,50000000,0,1,0,"LCRF","SPR1"
"auto1@ebs.com",0,8847394,"OUTRIGHT","LPRM","LCRF",4157,"SPR1","EBSD","GBP","EUR","T",0,"M",24,999000000000,0,1,0,"LCRF","SPR1"
"auto1@ebs.com",0,8880162,"SWAP","LPRJ","LCRF",4157,"SPR1","EBSD","GBP","EUR","T",0,"M",5,50000000,0,1,0,"LCRF","SPR1"
"auto1@ebs.com",0,8978438,"OUTRIGHT","LP32","LCRF",4157,"SPR1","EBSD","JPY","CAD","T",0,"M",24,999000000000,0,1,0,"LCRF","SPR1"
"auto1@ebs.com",0,8978455,"OUTRIGHT","LPRI","LCRF",4157,"SPR1","EBSD","JPY","NZD","T",0,"M",24,999000000000,0,1,0,"LCRF","SPR1"
"auto1@ebs.com",0,8978461,"OUTRIGHT","LPRI","LCRF",4157,"SPR1","EBSD","JPY","USD","T",0,"M",24,999000000000,0,1,0,"LCRF","SPR1"
"auto1@ebs.com",0,9011206,"SWAP","LPRI","LCRF",4157,"SPR1","EBSD","JPY","CAD","T",0,"M",5,50000000,0,1,0,"LCRF","SPR1"
"auto1@ebs.com",0,9011213,"SWAP","LPRI","LCRF",4157,"SPR1","EBSD","JPY","GBP","T",0,"M",5,50000000,0,1,0,"LCRF","SPR1"
"auto1@ebs.com",0,9011213,"SWAP","LPRJ","LCRF",4157,"SPR1","EBSD","JPY","GBP","T",0,"M",5,50000000,0,1,0,"LCRF","SPR1"
"auto1@ebs.com",0,9142301,"SWAP","LPRI","LCRF",4157,"SPR1","EBSD","NOK","USD","T",0,"M",5,50000000,0,1,0,"LCRF","SPR1"
"auto1@ebs.com",0,9142306,"SWAP","LPRI","LCRF",4157,"SPR1","EBSD","NOK","EUR","T",0,"M",5,50000000,0,1,0,"LCRF","SPR1"
"auto1@ebs.com",0,9175043,"OUTRIGHT","LPRI","LCRF",4157,"SPR1","EBSD","NZD","AUD","T",0,"M",24,999000000000,0,1,0,"LCRF","SPR1"
"auto1@ebs.com",0,9207811,"SWAP","LPRI","LCRF",4157,"SPR1","EBSD","NZD","AUD","T",0,"M",5,50000000,0,1,0,"LCRF","SPR1"
"auto1@ebs.com",0,9207821,"SWAP","LPRI","LCRF",4157,"SPR1","EBSD","NZD","GBP","T",0,"M",5,50000000,0,1,0,"LCRF","SPR1"
"auto1@ebs.com",0,9338909,"SWAP","LPRI","LCRF",4157,"SPR1","EBSD","SEK","USD","SPOT",1,"M",5,50000000,0,1,0,"LCRF","SPR1"
"auto1@ebs.com",0,9371651,"OUTRIGHT","LPRL","LCRF",4157,"SPR1","EBSD","USD","AUD","T",0,"M",24,999000000000,0,1,0,"LCRF","SPR1"
"auto1@ebs.com",0,9404450,"SWAP","LPRJ","LCRF",4157,"SPR1","EBSD","USD","EUR","T",0,"M",3,999000000000,0,1,0,"LCRF","SPR1"
"auto1@ebs.com",0,12517410,"OUTRIGHT","LPRI","LCRF",4157,"SPR1","EBSD","PLN","EUR","T",0,"M",24,999000000000,0,1,0,"LCRF","SPR1"
"auto1@ebs.com",0,12681245,"SWAP","LPRI","LCRF",4157,"SPR1","EBSD","TRY","USD","T",0,"M",24,50000000,0,1,0,"LCRF","SPR1"
"auto1@ebs.com",0,196748,"SPOT","LPLA","LCLD",4393,"SPR1","EBSD","NZD","AUD","","","","",999000000000,1,0,1,"LCLD","SPR1"
"auto1@ebs.com",0,852099,"SPOT","LPLB","LCLD",4393,"SPR1","EBSD","CAD","GBP","","","","",999000000000,1,0,1,"LCLD","SPR1"
"auto1@ebs.com",0,1900740,"SPOT","LPP1","LCLD",4393,"SPR1","EBSD","ILS","USD","","","","",999000000000,1,0,0,"LCLD","SPR1"
"auto1@ebs.com",0,2228367,"SPOT","LPLB","LCLD",4393,"SPR1","EBSD","USD","EUR","","","","",100000000,1,0,1,"LCLD","SPR1"
"auto1@ebs.com",0,8519714,"OUTRIGHT","LPRK","LCLD",4393,"SPR1","EBSD","AUD","EUR","T",0,"M",24,999000000000,0,1,0,"LCLD","SPR1"
"auto1@ebs.com",0,8683554,"SWAP","LPRJ","LCLD",4393,"SPR1","EBSD","CHF","EUR","T",0,"M",5,50000000,0,1,0,"LCLD","SPR1"
"auto1@ebs.com",0,8683554,"SWAP","LPRL","LCLD",4393,"SPR1","EBSD","CHF","EUR","T",0,"M",5,50000000,0,1,0,"LCLD","SPR1"
"auto1@ebs.com",0,8716322,"OUTRIGHT","LPRI","LCLD",4393,"SPR1","EBSD","CNH","EUR","T",0,"M",24,999000000000,0,1,0,"LCLD","SPR1"
"auto1@ebs.com",0,8880162,"SWAP","LPRJ","LCLD",4393,"SPR1","EBSD","GBP","EUR","T",0,"M",5,50000000,0,1,0,"LCLD","SPR1"
"auto1@ebs.com",0,8880162,"SWAP","LPRM","LCLD",4393,"SPR1","EBSD","GBP","EUR","T",0,"M",5,50000000,0,1,0,"LCLD","SPR1"
"auto1@ebs.com",0,8978435,"OUTRIGHT","LPRL","LCLD",4393,"SPR1","EBSD","JPY","AUD","T",1,"M",4,23423,0,1,0,"LCLD","SPR1"
"auto1@ebs.com",0,8978445,"OUTRIGHT","LPRL","LCLD",4393,"SPR1","EBSD","JPY","GBP","T",0,"M",24,999000000000,0,1,0,"LCLD","SPR1"
"auto1@ebs.com",0,9011213,"SWAP","LPRJ","LCLD",4393,"SPR1","EBSD","JPY","GBP","T",0,"M",5,50000000,0,1,0,"LCLD","SPR1"
"auto1@ebs.com",0,9011229,"SWAP","LPRI","LCLD",4393,"SPR1","EBSD","JPY","USD","T",0,"M",5,50000000,0,1,0,"LCLD","SPR1"
"auto1@ebs.com",0,9240605,"OUTRIGHT","LPRL","LCLD",4393,"SPR1","EBSD","RUB","USD","T",0,"M",24,999000000000,0,1,0,"LCLD","SPR1"
"auto1@ebs.com",0,9273373,"SWAP","LPRI","LCLD",4393,"SPR1","EBSD","RUB","USD","T",0,"M",24,50000000,0,1,0,"LCLD","SPR1"
"auto1@ebs.com",0,9306146,"OUTRIGHT","LPRJ","LCLD",4393,"SPR1","EBSD","SEK","EUR","T",0,"M",24,999000000000,0,1,0,"LCLD","SPR1"
"auto1@ebs.com",0,9338914,"SWAP","LPRK","LCLD",4393,"SPR1","EBSD","SEK","EUR","T",0,"M",5,50000000,0,1,0,"LCLD","SPR1"
"auto1@ebs.com",0,9338914,"SWAP","LPRL","LCLD",4393,"SPR1","EBSD","SEK","EUR","T",0,"M",5,50000000,0,1,0,"LCLD","SPR1"
"auto1@ebs.com",0,9371661,"OUTRIGHT","LPRK","LCLD",4393,"SPR1","EBSD","USD","GBP","M",4,"M",24,999000000000,0,1,0,"LCLD","SPR1"
"auto1@ebs.com",0,9371682,"OUTRIGHT","LPRJ","LCLD",4393,"SPR1","EBSD","USD","EUR","T",0,"M",6,50000000,0,1,0,"LCLD","SPR1"
"auto1@ebs.com",0,9404450,"SWAP","LPRJ","LCLD",4393,"SPR1","EBSD","USD","EUR","T",0,"M",3,999000000000,0,1,0,"LCLD","SPR1"
"auto1@ebs.com",0,196739,"SPOT","LPLB","LCLB",3994,"SPR1","EBSD","CAD","AUD","","","","",999000000000,1,0,1,"LCLB","SPR1"
"auto1@ebs.com",0,196740,"SPOT","LPP2","LCLB",3994,"SPR1","EBSD","CHF","AUD","","","","",999000000000,1,0,0,"LCLB","SPR1"
"auto1@ebs.com",0,196741,"SPOT","LPP2","LCLB",3994,"SPR1","EBSD","CNH","AUD","","","","",999000000000,1,0,0,"LCLB","SPR1"
"auto1@ebs.com",0,196744,"SPOT","LPLB","LCLB",3994,"SPR1","EBSD","HKD","AUD","","","","",1,1,0,1,"LCLB","SPR1"
"auto1@ebs.com",0,393353,"SPOT","LPLA","LCLB",3994,"SPR1","EBSD","JPY","CAD","","","","",999000000000,1,0,1,"LCLB","SPR1"
"auto1@ebs.com",0,458889,"SPOT","LPLB","LCLB",3994,"SPR1","EBSD","JPY","CHF","","","","",999000000000,1,0,1,"LCLB","SPR1"
"auto1@ebs.com",0,458894,"SPOT","LPLB","LCLB",3994,"SPR1","EBSD","SEK","CHF","","","","",999000000000,1,0,1,"LCLB","SPR1"
"auto1@ebs.com",0,852157,"SPOT","LPLB","LCLB",3994,"SPR1","EBSD","CZK","GBP","","","","",999000000000,1,0,1,"LCLB","SPR1"
"auto1@ebs.com",0,852159,"SPOT","LPLB","LCLB",3994,"SPR1","EBSD","PLN","GBP","","","","",999000000000,1,0,1,"LCLB","SPR1"
"auto1@ebs.com",0,852177,"SPOT","LPLB","LCLB",3994,"SPR1","EBSD","RON","GBP","","","","",999000000000,1,0,1,"LCLB","SPR1"
"auto1@ebs.com",0,1441934,"SPOT","LPLB","LCLB",3994,"SPR1","EBSD","SEK","NOK","","","","",999000000000,1,0,1,"LCLB","SPR1"
"auto1@ebs.com",0,1507471,"SPOT","LPLB","LCLB",3994,"SPR1","EBSD","USD","NZD","","","","",999000000000,1,0,1,"LCLB","SPR1"
"auto1@ebs.com",0,1835141,"SPOT","LPLA","LCLB",3994,"SPR1","EBSD","CNH","SGD","","","","",999000000000,1,0,1,"LCLB","SPR1"
"auto1@ebs.com",0,1900678,"SPOT","LPLB","LCLB",3994,"SPR1","EBSD","DKK","USD","","","","",999000000000,1,0,1,"LCLB","SPR1"
"auto1@ebs.com",0,1900734,"SPOT","LPLB","LCLB",3994,"SPR1","EBSD","HUF","USD","","","","",999000000000,1,0,1,"LCLB","SPR1"
"auto1@ebs.com",0,1900754,"SPOT","LPLA","LCLB",3994,"SPR1","EBSD","THB","USD","","","","",999000000000,1,0,1,"LCLB","SPR1"
"auto1@ebs.com",0,2228359,"SPOT","LPLA","LCLB",3994,"SPR1","EBSD","GBP","EUR","","","","",999000000000,1,0,1,"LCLB","SPR1"
"auto1@ebs.com",0,2228359,"SPOT","LPP2","LCLB",3994,"SPR1","EBSD","GBP","EUR","","","","",999000000000,1,0,0,"LCLB","SPR1"
"auto1@ebs.com",0,2228361,"SPOT","LPP1","LCLB",3994,"SPR1","EBSD","JPY","EUR","","","","",999000000000,1,0,0,"LCLB","SPR1"
"auto1@ebs.com",0,2228363,"SPOT","LPLB","LCLB",3994,"SPR1","EBSD","NOK","EUR","","","","",999000000000,1,0,1,"LCLB","SPR1"
"auto1@ebs.com",0,2228366,"SPOT","LPLB","LCLB",3994,"SPR1","EBSD","SEK","EUR","","","","",999000000000,1,0,1,"LCLB","SPR1"
"auto1@ebs.com",0,2228368,"SPOT","LPLB","LCLB",3994,"SPR1","EBSD","ZAR","EUR","","","","",999000000000,1,0,1,"LCLB","SPR1"
"auto1@ebs.com",0,2228433,"SPOT","LPLB","LCLB",3994,"SPR1","EBSD","RON","EUR","","","","",999000000000,1,0,1,"LCLB","SPR1"
"auto1@ebs.com",0,6226056,"SPOT","LPLA","LCLB",3994,"SPR1","EBSD","HKD","CNY","","","","",999000000000,1,0,1,"LCLB","SPR1"
"auto1@ebs.com",0,196739,"SPOT","LPLA","LCRF",4157,"SPR1","EBSD","CAD","AUD","","","","",999000000000,1,0,1,"LCRF","SPR1"
"auto1@ebs.com",0,196744,"SPOT","LPP1","LCRF",4157,"SPR1","EBSD","HKD","AUD","","","","",1,1,0,0,"LCRF","SPR1"
"auto1@ebs.com",0,196744,"SPOT","LPP2","LCRF",4157,"SPR1","EBSD","HKD","AUD","","","","",1,1,0,0,"LCRF","SPR1"
"auto1@ebs.com",0,196745,"SPOT","LPP1","LCRF",4157,"SPR1","EBSD","JPY","AUD","","","","",999000000000,1,0,0,"LCRF","SPR1"
"auto1@ebs.com",0,196745,"SPOT","LPRM","LCRF",4157,"SPR1","EBSD","JPY","AUD","","","","",999000000000,0,1,0,"LCRF","SPR1"
"auto1@ebs.com",0,393353,"SPOT","LPP1","LCRF",4157,"SPR1","EBSD","JPY","CAD","","","","",999000000000,1,0,0,"LCRF","SPR1"
"auto1@ebs.com",0,852099,"SPOT","LPLA","LCRF",4157,"SPR1","EBSD","CAD","GBP","","","","",999000000000,1,0,1,"LCRF","SPR1"
"auto1@ebs.com",0,852157,"SPOT","LPP1","LCRF",4157,"SPR1","EBSD","CZK","GBP","","","","",999000000000,1,0,0,"LCRF","SPR1"
"auto1@ebs.com",0,1900675,"SPOT","LPRL","LCRF",4157,"SPR1","EBSD","CAD","USD","","","","",999000000000,0,1,0,"LCRF","SPR1"
"auto1@ebs.com",0,1900678,"SPOT","LPP1","LCRF",4157,"SPR1","EBSD","DKK","USD","","","","",999000000000,1,0,0,"LCRF","SPR1"
"auto1@ebs.com",0,1900681,"SPOT","LPP1","LCRF",4157,"SPR1","EBSD","JPY","USD","","","","",999000000000,1,0,0,"LCRF","SPR1"
"auto1@ebs.com",0,1900683,"SPOT","LPP1","LCRF",4157,"SPR1","EBSD","NOK","USD","","","","",999000000000,1,0,0,"LCRF","SPR1"
"auto1@ebs.com",0,1900733,"SPOT","LPP1","LCRF",4157,"SPR1","EBSD","CZK","USD","","","","",999000000000,1,0,0,"LCRF","SPR1"
"auto1@ebs.com",0,1900735,"SPOT","LPP1","LCRF",4157,"SPR1","EBSD","PLN","USD","","","","",999000000000,1,0,0,"LCRF","SPR1"
"auto1@ebs.com",0,1900740,"SPOT","LPLB","LCRF",4157,"SPR1","EBSD","ILS","USD","","","","",999000000000,1,0,1,"LCRF","SPR1"
"auto1@ebs.com",0,1900757,"SPOT","LPRI","LCRF",4157,"SPR1","EBSD","WMT","USD","","","","",999000000000,0,1,0,"LCRF","SPR1"
"auto1@ebs.com",0,2228354,"SPOT","LPP1","LCRF",4157,"SPR1","EBSD","AUD","EUR","","","","",999000000000,1,0,0,"LCRF","SPR1"
"auto1@ebs.com",0,2228356,"SPOT","LPRL","LCRF",4157,"SPR1","EBSD","CHF","EUR","","","","",999000000000,0,1,0,"LCRF","SPR1"
"auto1@ebs.com",0,2228359,"SPOT","LPLL","LCRF",4157,"SPR1","EBSD","GBP","EUR","","","","",999000000000,1,0,0,"LCRF","SPR1"
"auto1@ebs.com",0,2228359,"SPOT","LPP1","LCRF",4157,"SPR1","EBSD","GBP","EUR","","","","",999000000000,1,0,0,"LCRF","SPR1"
"auto1@ebs.com",0,2228367,"SPOT","LPLL","LCRF",4157,"SPR1","EBSD","USD","EUR","","","","",100000000,1,0,0,"LCRF","SPR1"
"auto1@ebs.com",0,2228367,"SPOT","LPP1","LCRF",4157,"SPR1","EBSD","USD","EUR","","","","",100000000,1,0,0,"LCRF","SPR1"
"auto1@ebs.com",0,2228367,"SPOT","LPP2","LCRF",4157,"SPR1","EBSD","USD","EUR","","","","",100000000,1,0,0,"LCRF","SPR1"
"auto1@ebs.com",0,8585219,"OUTRIGHT","LPRM","LCRF",4157,"SPR1","EBSD","CAD","AUD","T",1,"M",4,30000000,0,1,0,"LCRF","SPR1"
"auto1@ebs.com",0,8585245,"OUTRIGHT","LPRL","LCRF",4157,"SPR1","EBSD","CAD","USD","T",0,"M",24,12000,0,1,0,"LCRF","SPR1"
"auto1@ebs.com",0,8683554,"SWAP","LPRI","LCRF",4157,"SPR1","EBSD","CHF","EUR","T",0,"M",5,50000000,0,1,0,"LCRF","SPR1"
"auto1@ebs.com",0,8683554,"SWAP","LPRL","LCRF",4157,"SPR1","EBSD","CHF","EUR","T",0,"M",5,50000000,0,1,0,"LCRF","SPR1"
"auto1@ebs.com",0,8847394,"OUTRIGHT","LPRI","LCRF",4157,"SPR1","EBSD","GBP","EUR","T",0,"M",24,999000000000,0,1,0,"LCRF","SPR1"
"auto1@ebs.com",0,8880162,"SWAP","LPRM","LCRF",4157,"SPR1","EBSD","GBP","EUR","T",0,"M",5,50000000,0,1,0,"LCRF","SPR1"
"auto1@ebs.com",0,8978445,"OUTRIGHT","LPRI","LCRF",4157,"SPR1","EBSD","JPY","GBP","T",0,"M",24,999000000000,0,1,0,"LCRF","SPR1"
"auto1@ebs.com",0,8978445,"OUTRIGHT","LPRL","LCRF",4157,"SPR1","EBSD","JPY","GBP","T",0,"M",24,999000000000,0,1,0,"LCRF","SPR1"
"auto1@ebs.com",0,8978461,"OUTRIGHT","LPRJ","LCRF",4157,"SPR1","EBSD","JPY","USD","T",0,"M",24,999000000000,0,1,0,"LCRF","SPR1"
"auto1@ebs.com",0,8978461,"OUTRIGHT","LPRM","LCRF",4157,"SPR1","EBSD","JPY","USD","T",0,"M",24,999000000000,0,1,0,"LCRF","SPR1"
"auto1@ebs.com",0,8978466,"OUTRIGHT","LPRI","LCRF",4157,"SPR1","EBSD","JPY","EUR","W",3,"M",24,2000000,0,1,0,"LCRF","SPR1"
"auto1@ebs.com",0,8978466,"OUTRIGHT","LPRL","LCRF",4157,"SPR1","EBSD","JPY","EUR","W",3,"M",24,2000000,0,1,0,"LCRF","SPR1"
"auto1@ebs.com",0,9011207,"SWAP","LPRI","LCRF",4157,"SPR1","EBSD","JPY","CHF","T",0,"M",5,50000000,0,1,0,"LCRF","SPR1"
"auto1@ebs.com",0,9011213,"SWAP","LPRM","LCRF",4157,"SPR1","EBSD","JPY","GBP","T",0,"M",5,50000000,0,1,0,"LCRF","SPR1"
"auto1@ebs.com",0,9011229,"SWAP","LPRL","LCRF",4157,"SPR1","EBSD","JPY","USD","T",0,"M",5,50000000,0,1,0,"LCRF","SPR1"
"auto1@ebs.com",0,9011234,"SWAP","LPRM","LCRF",4157,"SPR1","EBSD","JPY","EUR","T",0,"M",5,20000000,0,1,0,"LCRF","SPR1"
"auto1@ebs.com",0,9207842,"SWAP","LPRI","LCRF",4157,"SPR1","EBSD","NZD","EUR","T",0,"M",5,50000000,0,1,0,"LCRF","SPR1"
"auto1@ebs.com",0,9273373,"SWAP","LPRI","LCRF",4157,"SPR1","EBSD","RUB","USD","W",3,"M",2,50000000,0,1,0,"LCRF","SPR1"
"auto1@ebs.com",0,9338902,"SWAP","LPRI","LCRF",4157,"SPR1","EBSD","SEK","NOK","SPOT",1,"M",5,50000000,0,1,0,"LCRF","SPR1"
"auto1@ebs.com",0,9371682,"OUTRIGHT","LP32","LCRF",4157,"SPR1","EBSD","USD","EUR","T",0,"M",6,50000000,0,1,0,"LCRF","SPR1"
"auto1@ebs.com",0,9404439,"SWAP","LPRI","LCRF",4157,"SPR1","EBSD","USD","NZD","SPOT",1,"M",5,50000000,0,1,0,"LCRF","SPR1"
"auto1@ebs.com",0,9469986,"SWAP","LPRI","LCRF",4157,"SPR1","EBSD","ZAR","EUR","T",0,"M",5,50000000,0,1,0,"LCRF","SPR1"
"auto1@ebs.com",0,12484642,"SWAP","LPRI","LCRF",4157,"SPR1","EBSD","HUF","EUR","T",0,"M",5,50000000,0,1,0,"LCRF","SPR1"
"auto1@ebs.com",0,12550173,"SWAP","LPRI","LCRF",4157,"SPR1","EBSD","PLN","USD","T",0,"M",5,50000000,0,1,0,"LCRF","SPR1"
"auto1@ebs.com",0,12550178,"SWAP","LPRI","LCRF",4157,"SPR1","EBSD","PLN","EUR","T",0,"M",5,50000000,0,1,0,"LCRF","SPR1"
"auto1@ebs.com",0,12648477,"OUTRIGHT","LPRI","LCRF",4157,"SPR1","EBSD","TRY","USD","T",0,"M",24,999000000000,0,1,0,"LCRF","SPR1"
"auto1@ebs.com",0,196739,"SPOT","LPRM","LCLD",4393,"SPR1","EBSD","CAD","AUD","","","","",999000000000,0,1,0,"LCLD","SPR1"
"auto1@ebs.com",0,852099,"SPOT","LPLA","LCLD",4393,"SPR1","EBSD","CAD","GBP","","","","",999000000000,1,0,1,"LCLD","SPR1"
"auto1@ebs.com",0,2228355,"SPOT","LPRK","LCLD",4393,"SPR1","EBSD","CAD","EUR","","","","",999000000000,0,1,0,"LCLD","SPR1"
"auto1@ebs.com",0,2228361,"SPOT","LPP2","LCLD",4393,"SPR1","EBSD","JPY","EUR","","","","",999000000000,1,0,0,"LCLD","SPR1"
"auto1@ebs.com",0,2228414,"SPOT","LPP2","LCLD",4393,"SPR1","EBSD","HUF","EUR","","","","",999000000000,1,0,0,"LCLD","SPR1"
"auto1@ebs.com",0,8552482,"SWAP","LPRM","LCLD",4393,"SPR1","EBSD","AUD","EUR","T",0,"M",5,50000000,0,1,0,"LCLD","SPR1"
"auto1@ebs.com",0,8585250,"OUTRIGHT","LPRM","LCLD",4393,"SPR1","EBSD","CAD","EUR","T",0,"M",24,999000000000,0,1,0,"LCLD","SPR1"
"auto1@ebs.com",0,8617987,"SWAP","LPRK","LCLD",4393,"SPR1","EBSD","CAD","AUD","W",3,"M",1,42000000,0,1,0,"LCLD","SPR1"
"auto1@ebs.com",0,8847394,"OUTRIGHT","LPRM","LCLD",4393,"SPR1","EBSD","GBP","EUR","T",0,"M",24,999000000000,0,1,0,"LCLD","SPR1"
"auto1@ebs.com",0,8978435,"OUTRIGHT","LPRM","LCLD",4393,"SPR1","EBSD","JPY","AUD","T",1,"M",4,23423,0,1,0,"LCLD","SPR1"
"auto1@ebs.com",0,8978466,"OUTRIGHT","LPRK","LCLD",4393,"SPR1","EBSD","JPY","EUR","W",3,"M",24,2000000,0,1,0,"LCLD","SPR1"
"auto1@ebs.com",0,9011203,"SWAP","LPRJ","LCLD",4393,"SPR1","EBSD","JPY","AUD","SPOT",1,"M",5,50000000,0,1,0,"LCLD","SPR1"
"auto1@ebs.com",0,9011203,"SWAP","LPRK","LCLD",4393,"SPR1","EBSD","JPY","AUD","SPOT",1,"M",5,50000000,0,1,0,"LCLD","SPR1"
"auto1@ebs.com",0,9011203,"SWAP","LPRM","LCLD",4393,"SPR1","EBSD","JPY","AUD","SPOT",1,"M",5,50000000,0,1,0,"LCLD","SPR1"
"auto1@ebs.com",0,9011234,"SWAP","LPRK","LCLD",4393,"SPR1","EBSD","JPY","EUR","T",0,"M",5,20000000,0,1,0,"LCLD","SPR1"
"auto1@ebs.com",0,9273373,"SWAP","LPRL","LCLD",4393,"SPR1","EBSD","RUB","USD","T",0,"M",24,50000000,0,1,0,"LCLD","SPR1"
"auto1@ebs.com",0,9338914,"SWAP","LPRJ","LCLD",4393,"SPR1","EBSD","SEK","EUR","T",0,"M",5,50000000,0,1,0,"LCLD","SPR1"
"auto1@ebs.com",0,9371682,"OUTRIGHT","LP32","LCLD",4393,"SPR1","EBSD","USD","EUR","T",0,"M",6,50000000,0,1,0,"LCLD","SPR1"
"auto1@ebs.com",0,9371682,"OUTRIGHT","LPRL","LCLD",4393,"SPR1","EBSD","USD","EUR","T",0,"M",6,50000000,0,1,0,"LCLD","SPR1"
"auto1@ebs.com",0,9404450,"SWAP","LPRL","LCLD",4393,"SPR1","EBSD","USD","EUR","T",0,"M",3,999000000000,0,1,0,"LCLD","SPR1"
"auto1@ebs.com",0,196739,"SPOT","LPLA","LCLB",3994,"SPR1","EBSD","CAD","AUD","","","","",999000000000,1,0,1,"LCLB","SPR1"
"auto1@ebs.com",0,196739,"SPOT","LPP1","LCLB",3994,"SPR1","EBSD","CAD","AUD","","","","",999000000000,1,0,0,"LCLB","SPR1"
"auto1@ebs.com",0,196751,"SPOT","LPLB","LCLB",3994,"SPR1","EBSD","USD","AUD","","","","",999000000000,1,0,1,"LCLB","SPR1"
"auto1@ebs.com",0,393353,"SPOT","LPP2","LCLB",3994,"SPR1","EBSD","JPY","CAD","","","","",999000000000,1,0,0,"LCLB","SPR1"
"auto1@ebs.com",0,458889,"SPOT","LPLA","LCLB",3994,"SPR1","EBSD","JPY","CHF","","","","",999000000000,1,0,1,"LCLB","SPR1"
"auto1@ebs.com",0,458894,"SPOT","LPLA","LCLB",3994,"SPR1","EBSD","SEK","CHF","","","","",999000000000,1,0,1,"LCLB","SPR1"
"auto1@ebs.com",0,852102,"SPOT","LPLB","LCLB",3994,"SPR1","EBSD","DKK","GBP","","","","",999000000000,1,0,1,"LCLB","SPR1"
"auto1@ebs.com",0,983177,"SPOT","LPLB","LCLB",3994,"SPR1","EBSD","JPY","HKD","","","","",999000000000,1,0,1,"LCLB","SPR1"
"auto1@ebs.com",0,1507471,"SPOT","LPLA","LCLB",3994,"SPR1","EBSD","USD","NZD","","","","",999000000000,1,0,1,"LCLB","SPR1"
"auto1@ebs.com",0,1900683,"SPOT","LPLB","LCLB",3994,"SPR1","EBSD","NOK","USD","","","","",999000000000,1,0,1,"LCLB","SPR1"
"auto1@ebs.com",0,1900685,"SPOT","LPLA","LCLB",3994,"SPR1","EBSD","RUB","USD","","","","",999000000000,1,0,1,"LCLB","SPR1"
"auto1@ebs.com",0,1900685,"SPOT","LPLB","LCLB",3994,"SPR1","EBSD","RUB","USD","","","","",999000000000,1,0,1,"LCLB","SPR1"
"auto1@ebs.com",0,1900686,"SPOT","LPLB","LCLB",3994,"SPR1","EBSD","SEK","USD","","","","",999000000000,1,0,1,"LCLB","SPR1"
"auto1@ebs.com",0,1900735,"SPOT","LPLA","LCLB",3994,"SPR1","EBSD","PLN","USD","","","","",999000000000,1,0,1,"LCLB","SPR1"
"auto1@ebs.com",0,1900737,"SPOT","LPLB","LCLB",3994,"SPR1","EBSD","TRY","USD","","","","",999000000000,1,0,1,"LCLB","SPR1"
"auto1@ebs.com",0,2228354,"SPOT","LPP2","LCLB",3994,"SPR1","EBSD","AUD","EUR","","","","",999000000000,1,0,0,"LCLB","SPR1"
"auto1@ebs.com",0,2228356,"SPOT","LPLA","LCLB",3994,"SPR1","EBSD","CHF","EUR","","","","",999000000000,1,0,1,"LCLB","SPR1"
"auto1@ebs.com",0,2228363,"SPOT","LPLA","LCLB",3994,"SPR1","EBSD","NOK","EUR","","","","",999000000000,1,0,1,"LCLB","SPR1"
"auto1@ebs.com",0,2228367,"SPOT","LSQ1","LCLB",3994,"SPR1","EBSD","USD","EUR","","","","",100000000,0,1,0,"LCLB","SPR1"
"auto1@ebs.com",0,2228413,"SPOT","LPLB","LCLB",3994,"SPR1","EBSD","CZK","EUR","","","","",999000000000,1,0,1,"LCLB","SPR1"
"auto1@ebs.com",0,2228433,"SPOT","LPLA","LCLB",3994,"SPR1","EBSD","RON","EUR","","","","",999000000000,1,0,1,"LCLB","SPR1"
"auto1@ebs.com",0,6226057,"SPOT","LPLB","LCLB",3994,"SPR1","EBSD","JPY","CNY","","","","",999000000000,1,0,1,"LCLB","SPR1"
"auto1@ebs.com",0,8716306,"SPOT","LPLA","LCLB",3994,"SPR1","EBSD","JPY","CNH","","","","",999000000000,1,0,1,"LCLB","SPR1"
"auto1@ebs.com",0,13959186,"SPOT","LPLA","LCLB",3994,"SPR1","EBSD","JPY","WMT","","","","",999000000000,1,0,0,"LCLB","SPR1"
"auto1@ebs.com",0,196740,"SPOT","LPRI","LCRF",4157,"SPR1","EBSD","CHF","AUD","","","","",999000000000,0,1,0,"LCRF","SPR1"
"auto1@ebs.com",0,196741,"SPOT","LPE2","LCRF",4157,"SPR1","EBSD","CNH","AUD","","","","",999000000000,1,0,0,"LCRF","SPR1"
"auto1@ebs.com",0,196741,"SPOT","LPP1","LCRF",4157,"SPR1","EBSD","CNH","AUD","","","","",999000000000,1,0,0,"LCRF","SPR1"
"auto1@ebs.com",0,196741,"SPOT","LPP2","LCRF",4157,"SPR1","EBSD","CNH","AUD","","","","",999000000000,1,0,0,"LCRF","SPR1"
"auto1@ebs.com",0,196745,"SPOT","LPRJ","LCRF",4157,"SPR1","EBSD","JPY","AUD","","","","",999000000000,0,1,0,"LCRF","SPR1"
"auto1@ebs.com",0,196748,"SPOT","LPP1","LCRF",4157,"SPR1","EBSD","NZD","AUD","","","","",999000000000,1,0,0,"LCRF","SPR1"
"auto1@ebs.com",0,196751,"SPOT","LPP1","LCRF",4157,"SPR1","EBSD","USD","AUD","","","","",999000000000,1,0,0,"LCRF","SPR1"
"auto1@ebs.com",0,852100,"SPOT","LPP1","LCRF",4157,"SPR1","EBSD","CHF","GBP","","","","",999000000000,1,0,0,"LCRF","SPR1"
"auto1@ebs.com",0,852102,"SPOT","LPP1","LCRF",4157,"SPR1","EBSD","DKK","GBP","","","","",999000000000,1,0,0,"LCRF","SPR1"
"auto1@ebs.com",0,852108,"SPOT","LPP1","LCRF",4157,"SPR1","EBSD","NZD","GBP","","","","",999000000000,1,0,0,"LCRF","SPR1"
"auto1@ebs.com",0,852111,"SPOT","LPLB","LCRF",4157,"SPR1","EBSD","USD","GBP","","","","",999000000000,1,0,1,"LCRF","SPR1"
"auto1@ebs.com",0,1441934,"SPOT","LPP1","LCRF",4157,"SPR1","EBSD","SEK","NOK","","","","",999000000000,1,0,0,"LCRF","SPR1"
"auto1@ebs.com",0,1900675,"SPOT","LPRI","LCRF",4157,"SPR1","EBSD","CAD","USD","","","","",999000000000,0,1,0,"LCRF","SPR1"
"auto1@ebs.com",0,1900677,"SPOT","LPRJ","LCRF",4157,"SPR1","EBSD","CNH","USD","","","","",999000000000,0,1,0,"LCRF","SPR1"
"auto1@ebs.com",0,1900677,"SPOT","LPRL","LCRF",4157,"SPR1","EBSD","CNH","USD","","","","",999000000000,0,1,0,"LCRF","SPR1"
"auto1@ebs.com",0,1900685,"SPOT","LPRI","LCRF",4157,"SPR1","EBSD","RUB","USD","","","","",999000000000,0,1,0,"LCRF","SPR1"
"auto1@ebs.com",0,1900686,"SPOT","LPRI","LCRF",4157,"SPR1","EBSD","SEK","USD","","","","",999000000000,0,1,0,"LCRF","SPR1"
"auto1@ebs.com",0,1900734,"SPOT","LPP1","LCRF",4157,"SPR1","EBSD","HUF","USD","","","","",999000000000,1,0,0,"LCRF","SPR1"
"auto1@ebs.com",0,2228356,"SPOT","LPLB","LCRF",4157,"SPR1","EBSD","CHF","EUR","","","","",999000000000,1,0,1,"LCRF","SPR1"
"auto1@ebs.com",0,2228356,"SPOT","LPRI","LCRF",4157,"SPR1","EBSD","CHF","EUR","","","","",999000000000,0,1,0,"LCRF","SPR1"
"auto1@ebs.com",0,2228356,"SPOT","LPRJ","LCRF",4157,"SPR1","EBSD","CHF","EUR","","","","",999000000000,0,1,0,"LCRF","SPR1"
"auto1@ebs.com",0,2228357,"SPOT","LPRM","LCRF",4157,"SPR1","EBSD","CNH","EUR","","","","",999000000000,0,1,0,"LCRF","SPR1"
"auto1@ebs.com",0,2228361,"SPOT","LPLB","LCRF",4157,"SPR1","EBSD","JPY","EUR","","","","",999000000000,1,0,1,"LCRF","SPR1"
"auto1@ebs.com",0,2228367,"SPOT","LPRM","LCRF",4157,"SPR1","EBSD","USD","EUR","","","","",100000000,0,1,0,"LCRF","SPR1"
"auto1@ebs.com",0,2228413,"SPOT","LPP1","LCRF",4157,"SPR1","EBSD","CZK","EUR","","","","",999000000000,1,0,0,"LCRF","SPR1"
"auto1@ebs.com",0,2228414,"SPOT","LPP2","LCRF",4157,"SPR1","EBSD","HUF","EUR","","","","",999000000000,1,0,0,"LCRF","SPR1"
"auto1@ebs.com",0,2228433,"SPOT","LPP1","LCRF",4157,"SPR1","EBSD","RON","EUR","","","","",999000000000,1,0,0,"LCRF","SPR1"
"auto1@ebs.com",0,2228434,"SPOT","LPP1","LCRF",4157,"SPR1","EBSD","THB","EUR","","","","",999000000000,1,0,0,"LCRF","SPR1"
"auto1@ebs.com",0,8585219,"OUTRIGHT","LPRJ","LCRF",4157,"SPR1","EBSD","CAD","AUD","T",1,"M",4,30000000,0,1,0,"LCRF","SPR1"
"auto1@ebs.com",0,8585239,"OUTRIGHT","LPRI","LCRF",4157,"SPR1","EBSD","CAD","NZD","T",0,"M",24,999000000000,0,1,0,"LCRF","SPR1"
"auto1@ebs.com",0,8650781,"OUTRIGHT","LPRI","LCRF",4157,"SPR1","EBSD","CHF","USD","T",0,"M",24,999000000000,0,1,0,"LCRF","SPR1"
"auto1@ebs.com",0,8683523,"SWAP","LPRI","LCRF",4157,"SPR1","EBSD","CHF","AUD","SPOT",1,"M",5,1,0,1,0,"LCRF","SPR1"
"auto1@ebs.com",0,8683549,"SWAP","LPRL","LCRF",4157,"SPR1","EBSD","CHF","USD","SPOT",1,"M",5,50000000,0,1,0,"LCRF","SPR1"
"auto1@ebs.com",0,8814621,"SWAP","LPRI","LCRF",4157,"SPR1","EBSD","DKK","USD","SPOT",1,"M",5,50000000,0,1,0,"LCRF","SPR1"
"auto1@ebs.com",0,8978445,"OUTRIGHT","LPRM","LCRF",4157,"SPR1","EBSD","JPY","GBP","T",0,"M",24,999000000000,0,1,0,"LCRF","SPR1"
"auto1@ebs.com",0,9011203,"SWAP","LPRJ","LCRF",4157,"SPR1","EBSD","JPY","AUD","SPOT",1,"M",5,50000000,0,1,0,"LCRF","SPR1"
"auto1@ebs.com",0,9011203,"SWAP","LPRM","LCRF",4157,"SPR1","EBSD","JPY","AUD","SPOT",1,"M",5,50000000,0,1,0,"LCRF","SPR1"
"auto1@ebs.com",0,9011223,"SWAP","LPRI","LCRF",4157,"SPR1","EBSD","JPY","NZD","SPOT",1,"M",5,50000000,0,1,0,"LCRF","SPR1"
"auto1@ebs.com",0,9109533,"OUTRIGHT","LPRI","LCRF",4157,"SPR1","EBSD","NOK","USD","T",0,"M",24,999000000000,0,1,0,"LCRF","SPR1"
"auto1@ebs.com",0,9109538,"OUTRIGHT","LPRI","LCRF",4157,"SPR1","EBSD","NOK","EUR","T",0,"M",24,999000000000,0,1,0,"LCRF","SPR1"
"auto1@ebs.com",0,9240605,"OUTRIGHT","LPRI","LCRF",4157,"SPR1","EBSD","RUB","USD","T",0,"M",24,999000000000,0,1,0,"LCRF","SPR1"
"auto1@ebs.com",0,9240605,"OUTRIGHT","LPRL","LCRF",4157,"SPR1","EBSD","RUB","USD","T",0,"M",24,999000000000,0,1,0,"LCRF","SPR1"
"auto1@ebs.com",0,9240605,"OUTRIGHT","LPRM","LCRF",4157,"SPR1","EBSD","RUB","USD","T",0,"M",24,999000000000,0,1,0,"LCRF","SPR1"
"auto1@ebs.com",0,9273373,"SWAP","LPRL","LCRF",4157,"SPR1","EBSD","RUB","USD","W",3,"M",2,50000000,0,1,0,"LCRF","SPR1"
"auto1@ebs.com",0,9371682,"OUTRIGHT","LP33","LCRF",4157,"SPR1","EBSD","USD","EUR","T",0,"M",6,50000000,0,1,0,"LCRF","SPR1"
"auto1@ebs.com",0,12877853,"SWAP","LPRI","LCRF",4157,"SPR1","EBSD","ILS","USD","T",0,"M",5,50000000,0,1,0,"LCRF","SPR1"
"auto1@ebs.com",0,196739,"SPOT","LPLA","LCLD",4393,"SPR1","EBSD","CAD","AUD","","","","",999000000000,1,0,1,"LCLD","SPR1"
"auto1@ebs.com",0,196751,"SPOT","LPRI","LCLD",4393,"SPR1","EBSD","USD","AUD","","","","",999000000000,0,1,0,"LCLD","SPR1"
"auto1@ebs.com",0,393353,"SPOT","LPRL","LCLD",4393,"SPR1","EBSD","JPY","CAD","","","","",999000000000,0,1,0,"LCLD","SPR1"
"auto1@ebs.com",0,852111,"SPOT","LPLA","LCLD",4393,"SPR1","EBSD","USD","GBP","","","","",999000000000,1,0,1,"LCLD","SPR1"
"auto1@ebs.com",0,1900677,"SPOT","LPLA","LCLD",4393,"SPR1","EBSD","CNH","USD","","","","",999000000000,1,0,1,"LCLD","SPR1"
"auto1@ebs.com",0,1900677,"SPOT","LPLB","LCLD",4393,"SPR1","EBSD","CNH","USD","","","","",999000000000,1,0,1,"LCLD","SPR1"
"auto1@ebs.com",0,1900734,"SPOT","LPLB","LCLD",4393,"SPR1","EBSD","HUF","USD","","","","",999000000000,1,0,1,"LCLD","SPR1"
"auto1@ebs.com",0,2228354,"SPOT","LPLB","LCLD",4393,"SPR1","EBSD","AUD","EUR","","","","",999000000000,1,0,1,"LCLD","SPR1"
"auto1@ebs.com",0,2228359,"SPOT","LPLB","LCLD",4393,"SPR1","EBSD","GBP","EUR","","","","",999000000000,1,0,1,"LCLD","SPR1"
"auto1@ebs.com",0,2228361,"SPOT","LPLB","LCLD",4393,"SPR1","EBSD","JPY","EUR","","","","",999000000000,1,0,1,"LCLD","SPR1"
"auto1@ebs.com",0,2228367,"SPOT","LPP1","LCLD",4393,"SPR1","EBSD","USD","EUR","","","","",100000000,1,0,0,"LCLD","SPR1"
"auto1@ebs.com",0,2228417,"SPOT","LPP1","LCLD",4393,"SPR1","EBSD","TRY","EUR","","","","",999000000000,1,0,0,"LCLD","SPR1"
"auto1@ebs.com",0,2228420,"SPOT","LPP2","LCLD",4393,"SPR1","EBSD","ILS","EUR","","","","",999000000000,1,0,0,"LCLD","SPR1"
"auto1@ebs.com",0,8519714,"OUTRIGHT","LPRM","LCLD",4393,"SPR1","EBSD","AUD","EUR","T",0,"M",24,999000000000,0,1,0,"LCLD","SPR1"
"auto1@ebs.com",0,8552482,"SWAP","LPRL","LCLD",4393,"SPR1","EBSD","AUD","EUR","T",0,"M",5,50000000,0,1,0,"LCLD","SPR1"
"auto1@ebs.com",0,8617987,"SWAP","LPRJ","LCLD",4393,"SPR1","EBSD","CAD","AUD","T",0,"M",1,42000000,0,1,0,"LCLD","SPR1"
"auto1@ebs.com",0,8650786,"OUTRIGHT","LPRK","LCLD",4393,"SPR1","EBSD","CHF","EUR","T",0,"M",24,999000000000,0,1,0,"LCLD","SPR1"
"auto1@ebs.com",0,8683554,"SWAP","LPRK","LCLD",4393,"SPR1","EBSD","CHF","EUR","T",0,"M",5,50000000,0,1,0,"LCLD","SPR1"
"auto1@ebs.com",0,8847394,"OUTRIGHT","LPRI","LCLD",4393,"SPR1","EBSD","GBP","EUR","SPOT",1,"M",24,999000000000,0,1,0,"LCLD","SPR1"
"auto1@ebs.com",0,8978435,"OUTRIGHT","LPRJ","LCLD",4393,"SPR1","EBSD","JPY","AUD","T",1,"M",4,23423,0,1,0,"LCLD","SPR1"
"auto1@ebs.com",0,8978438,"OUTRIGHT","LP32","LCLD",4393,"SPR1","EBSD","JPY","CAD","T",0,"M",24,999000000000,0,1,0,"LCLD","SPR1"
"auto1@ebs.com",0,8978445,"OUTRIGHT","LPRK","LCLD",4393,"SPR1","EBSD","JPY","GBP","T",0,"M",24,999000000000,0,1,0,"LCLD","SPR1"
"auto1@ebs.com",0,8978466,"OUTRIGHT","LPRM","LCLD",4393,"SPR1","EBSD","JPY","EUR","W",3,"M",24,2000000,0,1,0,"LCLD","SPR1"
"auto1@ebs.com",0,9011206,"SWAP","LP32","LCLD",4393,"SPR1","EBSD","JPY","CAD","T",0,"M",5,50000000,0,1,0,"LCLD","SPR1"
"auto1@ebs.com",0,9306146,"OUTRIGHT","LPRK","LCLD",4393,"SPR1","EBSD","SEK","EUR","T",0,"M",24,999000000000,0,1,0,"LCLD","SPR1"
"auto1@ebs.com",0,9306146,"OUTRIGHT","LPRL","LCLD",4393,"SPR1","EBSD","SEK","EUR","T",0,"M",24,999000000000,0,1,0,"LCLD","SPR1"
"auto1@ebs.com",0,9338914,"SWAP","LPRM","LCLD",4393,"SPR1","EBSD","SEK","EUR","T",0,"M",5,50000000,0,1,0,"LCLD","SPR1"
"auto1@ebs.com",0,9371682,"OUTRIGHT","LP33","LCLD",4393,"SPR1","EBSD","USD","EUR","T",0,"M",6,50000000,0,1,0,"LCLD","SPR1"
"auto1@ebs.com",0,9404450,"SWAP","LPRK","LCLD",4393,"SPR1","EBSD","USD","EUR","T",0,"M",3,999000000000,0,1,0,"LCLD","SPR1"
"auto1@ebs.com",0,196739,"SPOT","LPP2","LCLB",3994,"SPR1","EBSD","CAD","AUD","","","","",999000000000,1,0,0,"LCLB","SPR1"
"auto1@ebs.com",0,196744,"SPOT","LPLA","LCLB",3994,"SPR1","EBSD","HKD","AUD","","","","",1,1,0,1,"LCLB","SPR1"
"auto1@ebs.com",0,852099,"SPOT","LPLB","LCLB",3994,"SPR1","EBSD","CAD","GBP","","","","",999000000000,1,0,1,"LCLB","SPR1"
"auto1@ebs.com",0,852100,"SPOT","LPLB","LCLB",3994,"SPR1","EBSD","CHF","GBP","","","","",999000000000,1,0,1,"LCLB","SPR1"
"auto1@ebs.com",0,852105,"SPOT","LPLB","LCLB",3994,"SPR1","EBSD","JPY","GBP","","","","",999000000000,1,0,1,"LCLB","SPR1"
"auto1@ebs.com",0,852108,"SPOT","LPLB","LCLB",3994,"SPR1","EBSD","NZD","GBP","","","","",999000000000,1,0,1,"LCLB","SPR1"
"auto1@ebs.com",0,852111,"SPOT","LPLB","LCLB",3994,"SPR1","EBSD","USD","GBP","","","","",999000000000,1,0,1,"LCLB","SPR1"
"auto1@ebs.com",0,852159,"SPOT","LPLA","LCLB",3994,"SPR1","EBSD","PLN","GBP","","","","",999000000000,1,0,1,"LCLB","SPR1"
"auto1@ebs.com",0,1900675,"SPOT","LPLB","LCLB",3994,"SPR1","EBSD","CAD","USD","","","","",999000000000,1,0,1,"LCLB","SPR1"
"auto1@ebs.com",0,1900680,"SPOT","LPLA","LCLB",3994,"SPR1","EBSD","HKD","USD","","","","",999000000000,1,0,1,"LCLB","SPR1"
"auto1@ebs.com",0,1900681,"SPOT","LPLB","LCLB",3994,"SPR1","EBSD","JPY","USD","","","","",999000000000,1,0,1,"LCLB","SPR1"
"auto1@ebs.com",0,1900682,"SPOT","LPLB","LCLB",3994,"SPR1","EBSD","MXN","USD","","","","",999000000000,1,0,1,"LCLB","SPR1"
"auto1@ebs.com",0,1900688,"SPOT","LPLA","LCLB",3994,"SPR1","EBSD","ZAR","USD","","","","",999000000000,1,0,1,"LCLB","SPR1"
"auto1@ebs.com",0,1900735,"SPOT","LPLB","LCLB",3994,"SPR1","EBSD","PLN","USD","","","","",999000000000,1,0,1,"LCLB","SPR1"
"auto1@ebs.com",0,1900757,"SPOT","LPLB","LCLB",3994,"SPR1","EBSD","WMT","USD","","","","",999000000000,1,0,1,"LCLB","SPR1"
"auto1@ebs.com",0,2228354,"SPOT","LPLB","LCLB",3994,"SPR1","EBSD","AUD","EUR","","","","",999000000000,1,0,1,"LCLB","SPR1"
"auto1@ebs.com",0,2228358,"SPOT","LPLB","LCLB",3994,"SPR1","EBSD","DKK","EUR","","","","",999000000000,1,0,1,"LCLB","SPR1"
"auto1@ebs.com",0,2228359,"SPOT","LPLB","LCLB",3994,"SPR1","EBSD","GBP","EUR","","","","",999000000000,1,0,1,"LCLB","SPR1"
"auto1@ebs.com",0,2228365,"SPOT","LPLB","LCLB",3994,"SPR1","EBSD","RUB","EUR","","","","",999000000000,1,0,1,"LCLB","SPR1"
"auto1@ebs.com",0,2228366,"SPOT","LPLA","LCLB",3994,"SPR1","EBSD","SEK","EUR","","","","",999000000000,1,0,1,"LCLB","SPR1"
"auto1@ebs.com",0,2228367,"SPOT","LPLA","LCLB",3994,"SPR1","EBSD","USD","EUR","","","","",100000000,1,0,1,"LCLB","SPR1"
"auto1@ebs.com",0,2228414,"SPOT","LPLA","LCLB",3994,"SPR1","EBSD","HUF","EUR","","","","",999000000000,1,0,1,"LCLB","SPR1"
"auto1@ebs.com",0,2228414,"SPOT","LPLB","LCLB",3994,"SPR1","EBSD","HUF","EUR","","","","",999000000000,1,0,1,"LCLB","SPR1"
"auto1@ebs.com",0,2228416,"SPOT","LPLB","LCLB",3994,"SPR1","EBSD","SGD","EUR","","","","",999000000000,1,0,1,"LCLB","SPR1"
"auto1@ebs.com",0,9404450,"SWAP","LSQ1","LCLB",3994,"SPR1","EBSD","USD","EUR","T",1,"W",2,999000000000,0,1,0,"LCLB","SPR1"
"auto1@ebs.com",0,196739,"SPOT","LPE2","LCRF",4157,"SPR1","EBSD","CAD","AUD","","","","",999000000000,1,0,0,"LCRF","SPR1"
"auto1@ebs.com",0,196739,"SPOT","LPRL","LCRF",4157,"SPR1","EBSD","CAD","AUD","","","","",999000000000,0,1,0,"LCRF","SPR1"
"auto1@ebs.com",0,852105,"SPOT","LPRL","LCRF",4157,"SPR1","EBSD","JPY","GBP","","","","",999000000000,0,1,0,"LCRF","SPR1"
"auto1@ebs.com",0,1507465,"SPOT","LPRI","LCRF",4157,"SPR1","EBSD","JPY","NZD","","","","",999000000000,0,1,0,"LCRF","SPR1"
"auto1@ebs.com",0,1507471,"SPOT","LPP1","LCRF",4157,"SPR1","EBSD","USD","NZD","","","","",999000000000,1,0,0,"LCRF","SPR1"
"auto1@ebs.com",0,1507471,"SPOT","LPRI","LCRF",4157,"SPR1","EBSD","USD","NZD","","","","",999000000000,0,1,0,"LCRF","SPR1"
"auto1@ebs.com",0,1507471,"SPOT","LPRL","LCRF",4157,"SPR1","EBSD","USD","NZD","","","","",999000000000,0,1,0,"LCRF","SPR1"
"auto1@ebs.com",0,1900677,"SPOT","LPP1","LCRF",4157,"SPR1","EBSD","CNH","USD","","","","",999000000000,1,0,0,"LCRF","SPR1"
"auto1@ebs.com",0,1900678,"SPOT","LPRI","LCRF",4157,"SPR1","EBSD","DKK","USD","","","","",999000000000,0,1,0,"LCRF","SPR1"
"auto1@ebs.com",0,1900680,"SPOT","LPP1","LCRF",4157,"SPR1","EBSD","HKD","USD","","","","",999000000000,1,0,0,"LCRF","SPR1"
"auto1@ebs.com",0,1900680,"SPOT","LPRL","LCRF",4157,"SPR1","EBSD","HKD","USD","","","","",999000000000,0,1,0,"LCRF","SPR1"
"auto1@ebs.com",0,1900681,"SPOT","LPLB","LCRF",4157,"SPR1","EBSD","JPY","USD","","","","",999000000000,1,0,1,"LCRF","SPR1"
"auto1@ebs.com",0,1900681,"SPOT","LPRI","LCRF",4157,"SPR1","EBSD","JPY","USD","","","","",999000000000,0,1,0,"LCRF","SPR1"
"auto1@ebs.com",0,1900685,"SPOT","LPP1","LCRF",4157,"SPR1","EBSD","RUB","USD","","","","",999000000000,1,0,0,"LCRF","SPR1"
"auto1@ebs.com",0,1900734,"SPOT","LPRL","LCRF",4157,"SPR1","EBSD","HUF","USD","","","","",999000000000,0,1,0,"LCRF","SPR1"
"auto1@ebs.com",0,1900736,"SPOT","LPP1","LCRF",4157,"SPR1","EBSD","SGD","USD","","","","",999000000000,1,0,0,"LCRF","SPR1"
"auto1@ebs.com",0,1900740,"SPOT","LPP2","LCRF",4157,"SPR1","EBSD","ILS","USD","","","","",999000000000,1,0,0,"LCRF","SPR1"
"auto1@ebs.com",0,2228354,"SPOT","LPRJ","LCRF",4157,"SPR1","EBSD","AUD","EUR","","","","",999000000000,0,1,0,"LCRF","SPR1"
"auto1@ebs.com",0,2228359,"SPOT","LPRJ","LCRF",4157,"SPR1","EBSD","GBP","EUR","","","","",999000000000,0,1,0,"LCRF","SPR1"
"auto1@ebs.com",0,2228361,"SPOT","LPRL","LCRF",4157,"SPR1","EBSD","JPY","EUR","","","","",999000000000,0,1,0,"LCRF","SPR1"
"auto1@ebs.com",0,2228366,"SPOT","LPRL","LCRF",4157,"SPR1","EBSD","SEK","EUR","","","","",999000000000,0,1,0,"LCRF","SPR1"
"auto1@ebs.com",0,2228367,"SPOT","LPRJ","LCRF",4157,"SPR1","EBSD","USD","EUR","","","","",100000000,0,1,0,"LCRF","SPR1"
"auto1@ebs.com",0,8519714,"OUTRIGHT","LPRM","LCRF",4157,"SPR1","EBSD","AUD","EUR","T",0,"M",24,999000000000,0,1,0,"LCRF","SPR1"
"auto1@ebs.com",0,8552482,"SWAP","LPRI","LCRF",4157,"SPR1","EBSD","AUD","EUR","T",0,"M",5,50000000,0,1,0,"LCRF","SPR1"
"auto1@ebs.com",0,8585219,"OUTRIGHT","LPRI","LCRF",4157,"SPR1","EBSD","CAD","AUD","T",1,"M",4,30000000,0,1,0,"LCRF","SPR1"
"auto1@ebs.com",0,8585250,"OUTRIGHT","LPRI","LCRF",4157,"SPR1","EBSD","CAD","EUR","T",0,"M",24,999000000000,0,1,0,"LCRF","SPR1"
"auto1@ebs.com",0,8716322,"OUTRIGHT","LPRI","LCRF",4157,"SPR1","EBSD","CNH","EUR","T",0,"M",24,999000000000,0,1,0,"LCRF","SPR1"
"auto1@ebs.com",0,8749085,"SWAP","LPRI","LCRF",4157,"SPR1","EBSD","CNH","USD","SPOT",1,"M",5,50000000,0,1,0,"LCRF","SPR1"
"auto1@ebs.com",0,8847394,"OUTRIGHT","LPRJ","LCRF",4157,"SPR1","EBSD","GBP","EUR","T",0,"M",24,999000000000,0,1,0,"LCRF","SPR1"
"auto1@ebs.com",0,8880162,"SWAP","LPRI","LCRF",4157,"SPR1","EBSD","GBP","EUR","T",0,"M",5,50000000,0,1,0,"LCRF","SPR1"
"auto1@ebs.com",0,8945693,"SWAP","LPRI","LCRF",4157,"SPR1","EBSD","HKD","USD","SPOT",1,"M",5,50000000,0,1,0,"LCRF","SPR1"
"auto1@ebs.com",0,8978438,"OUTRIGHT","LPRI","LCRF",4157,"SPR1","EBSD","JPY","CAD","T",0,"M",24,999000000000,0,1,0,"LCRF","SPR1"
"auto1@ebs.com",0,8978466,"OUTRIGHT","LPRM","LCRF",4157,"SPR1","EBSD","JPY","EUR","W",3,"M",24,2000000,0,1,0,"LCRF","SPR1"
"auto1@ebs.com",0,9011206,"SWAP","LP33","LCRF",4157,"SPR1","EBSD","JPY","CAD","T",0,"M",5,50000000,0,1,0,"LCRF","SPR1"
"auto1@ebs.com",0,9011234,"SWAP","LPRL","LCRF",4157,"SPR1","EBSD","JPY","EUR","T",0,"M",5,20000000,0,1,0,"LCRF","SPR1"
"auto1@ebs.com",0,9306146,"OUTRIGHT","LPRI","LCRF",4157,"SPR1","EBSD","SEK","EUR","T",0,"M",24,999000000000,0,1,0,"LCRF","SPR1"
"auto1@ebs.com",0,9371671,"OUTRIGHT","LPRL","LCRF",4157,"SPR1","EBSD","USD","NZD","T",0,"M",24,999000000000,0,1,0,"LCRF","SPR1"
"auto1@ebs.com",0,9404419,"SWAP","LPRL","LCRF",4157,"SPR1","EBSD","USD","AUD","T",0,"M",5,50000000,0,1,0,"LCRF","SPR1"
"auto1@ebs.com",0,9404450,"SWAP","LP33","LCRF",4157,"SPR1","EBSD","USD","EUR","T",0,"M",3,999000000000,0,1,0,"LCRF","SPR1"
"auto1@ebs.com",0,12845085,"OUTRIGHT","LPRI","LCRF",4157,"SPR1","EBSD","ILS","USD","T",0,"M",24,999000000000,0,1,0,"LCRF","SPR1"
"auto1@ebs.com",0,196739,"SPOT","LPLB","LCLD",4393,"SPR1","EBSD","CAD","AUD","","","","",999000000000,1,0,1,"LCLD","SPR1"
"auto1@ebs.com",0,196739,"SPOT","LPRK","LCLD",4393,"SPR1","EBSD","CAD","AUD","","","","",999000000000,0,1,0,"LCLD","SPR1"
"auto1@ebs.com",0,196740,"SPOT","LPLA","LCLD",4393,"SPR1","EBSD","CHF","AUD","","","","",999000000000,1,0,1,"LCLD","SPR1"
"auto1@ebs.com",0,196745,"SPOT","LPP2","LCLD",4393,"SPR1","EBSD","JPY","AUD","","","","",999000000000,1,0,0,"LCLD","SPR1"
"auto1@ebs.com",0,852111,"SPOT","LPLB","LCLD",4393,"SPR1","EBSD","USD","GBP","","","","",999000000000,1,0,1,"LCLD","SPR1"
"auto1@ebs.com",0,1900681,"SPOT","LPLA","LCLD",4393,"SPR1","EBSD","JPY","USD","","","","",999000000000,1,0,1,"LCLD","SPR1"
"auto1@ebs.com",0,1900740,"SPOT","LPLB","LCLD",4393,"SPR1","EBSD","ILS","USD","","","","",999000000000,1,0,1,"LCLD","SPR1"
"auto1@ebs.com",0,1900740,"SPOT","LPP2","LCLD",4393,"SPR1","EBSD","ILS","USD","","","","",999000000000,1,0,0,"LCLD","SPR1"
"auto1@ebs.com",0,2228354,"SPOT","LPRL","LCLD",4393,"SPR1","EBSD","AUD","EUR","","","","",999000000000,0,1,0,"LCLD","SPR1"
"auto1@ebs.com",0,2228366,"SPOT","LPLB","LCLD",4393,"SPR1","EBSD","SEK","EUR","","","","",999000000000,1,0,1,"LCLD","SPR1"
"auto1@ebs.com",0,2228367,"SPOT","LPLA","LCLD",4393,"SPR1","EBSD","USD","EUR","","","","",100000000,1,0,1,"LCLD","SPR1"
"auto1@ebs.com",0,2228367,"SPOT","LPP2","LCLD",4393,"SPR1","EBSD","USD","EUR","","","","",100000000,1,0,0,"LCLD","SPR1"
"auto1@ebs.com",0,8552482,"SWAP","LPRJ","LCLD",4393,"SPR1","EBSD","AUD","EUR","T",0,"M",5,50000000,0,1,0,"LCLD","SPR1"
"auto1@ebs.com",0,8585219,"OUTRIGHT","LPRI","LCLD",4393,"SPR1","EBSD","CAD","AUD","T",1,"M",4,30000000,0,1,0,"LCLD","SPR1"
"auto1@ebs.com",0,8617987,"SWAP","LPRL","LCLD",4393,"SPR1","EBSD","CAD","AUD","T",0,"M",1,42000000,0,1,0,"LCLD","SPR1"
"auto1@ebs.com",0,8618018,"SWAP","LPRM","LCLD",4393,"SPR1","EBSD","CAD","EUR","T",0,"M",5,50000000,0,1,0,"LCLD","SPR1"
"auto1@ebs.com",0,8650786,"OUTRIGHT","LPRJ","LCLD",4393,"SPR1","EBSD","CHF","EUR","T",0,"M",24,999000000000,0,1,0,"LCLD","SPR1"
"auto1@ebs.com",0,8880162,"SWAP","LPRK","LCLD",4393,"SPR1","EBSD","GBP","EUR","T",0,"M",5,50000000,0,1,0,"LCLD","SPR1"
"auto1@ebs.com",0,8978438,"OUTRIGHT","LP33","LCLD",4393,"SPR1","EBSD","JPY","CAD","T",0,"M",24,999000000000,0,1,0,"LCLD","SPR1"
"auto1@ebs.com",0,8978461,"OUTRIGHT","LPRK","LCLD",4393,"SPR1","EBSD","JPY","USD","T",0,"M",24,999000000000,0,1,0,"LCLD","SPR1"
"auto1@ebs.com",0,8978466,"OUTRIGHT","LPRJ","LCLD",4393,"SPR1","EBSD","JPY","EUR","W",3,"M",24,2000000,0,1,0,"LCLD","SPR1"
"auto1@ebs.com",0,8978466,"OUTRIGHT","LPRL","LCLD",4393,"SPR1","EBSD","JPY","EUR","W",3,"M",24,2000000,0,1,0,"LCLD","SPR1"
"auto1@ebs.com",0,9011213,"SWAP","LPRM","LCLD",4393,"SPR1","EBSD","JPY","GBP","T",0,"M",5,50000000,0,1,0,"LCLD","SPR1"
"auto1@ebs.com",0,9011234,"SWAP","LPRL","LCLD",4393,"SPR1","EBSD","JPY","EUR","T",0,"M",5,20000000,0,1,0,"LCLD","SPR1"
"auto1@ebs.com",0,9240605,"OUTRIGHT","LPRJ","LCLD",4393,"SPR1","EBSD","RUB","USD","T",0,"M",24,999000000000,0,1,0,"LCLD","SPR1"
"auto1@ebs.com",0,9273373,"SWAP","LPRJ","LCLD",4393,"SPR1","EBSD","RUB","USD","T",0,"M",24,50000000,0,1,0,"LCLD","SPR1"
"auto1@ebs.com",0,9273373,"SWAP","LPRM","LCLD",4393,"SPR1","EBSD","RUB","USD","T",0,"M",24,50000000,0,1,0,"LCLD","SPR1"
"auto1@ebs.com",0,9371682,"OUTRIGHT","LPRK","LCLD",4393,"SPR1","EBSD","USD","EUR","T",0,"M",6,50000000,0,1,0,"LCLD","SPR1"
"auto1@ebs.com",0,852099,"SPOT","LPLA","LCLB",3994,"SPR1","EBSD","CAD","GBP","","","","",999000000000,1,0,1,"LCLB","SPR1"
"auto1@ebs.com",0,852107,"SPOT","LPLA","LCLB",3994,"SPR1","EBSD","NOK","GBP","","","","",999000000000,1,0,1,"LCLB","SPR1"
"auto1@ebs.com",0,852109,"SPOT","LPLA","LCLB",3994,"SPR1","EBSD","RUB","GBP","","","","",999000000000,1,0,1,"LCLB","SPR1"
"auto1@ebs.com",0,852110,"SPOT","LPLB","LCLB",3994,"SPR1","EBSD","SEK","GBP","","","","",999000000000,1,0,1,"LCLB","SPR1"
"auto1@ebs.com",0,983177,"SPOT","LPLA","LCLB",3994,"SPR1","EBSD","JPY","HKD","","","","",999000000000,1,0,1,"LCLB","SPR1"
"auto1@ebs.com",0,1441934,"SPOT","LPLA","LCLB",3994,"SPR1","EBSD","SEK","NOK","","","","",999000000000,1,0,1,"LCLB","SPR1"
"auto1@ebs.com",0,1900675,"SPOT","LPLA","LCLB",3994,"SPR1","EBSD","CAD","USD","","","","",999000000000,1,0,1,"LCLB","SPR1"
"auto1@ebs.com",0,1900675,"SPOT","LPP2","LCLB",3994,"SPR1","EBSD","CAD","USD","","","","",999000000000,1,0,0,"LCLB","SPR1"
"auto1@ebs.com",0,1900677,"SPOT","LPLB","LCLB",3994,"SPR1","EBSD","CNH","USD","","","","",999000000000,1,0,1,"LCLB","SPR1"
"auto1@ebs.com",0,1900678,"SPOT","LPLA","LCLB",3994,"SPR1","EBSD","DKK","USD","","","","",999000000000,1,0,1,"LCLB","SPR1"
"auto1@ebs.com",0,1900681,"SPOT","LPLA","LCLB",3994,"SPR1","EBSD","JPY","USD","","","","",999000000000,1,0,1,"LCLB","SPR1"
"auto1@ebs.com",0,1900740,"SPOT","LPLA","LCLB",3994,"SPR1","EBSD","ILS","USD","","","","",999000000000,1,0,1,"LCLB","SPR1"
"auto1@ebs.com",0,2031753,"SPOT","LPLA","LCLB",3994,"SPR1","EBSD","JPY","ZAR","","","","",999000000000,1,0,1,"LCLB","SPR1"
"auto1@ebs.com",0,2228354,"SPOT","LPLA","LCLB",3994,"SPR1","EBSD","AUD","EUR","","","","",999000000000,1,0,1,"LCLB","SPR1"
"auto1@ebs.com",0,2228357,"SPOT","LPLA","LCLB",3994,"SPR1","EBSD","CNH","EUR","","","","",999000000000,1,0,1,"LCLB","SPR1"
"auto1@ebs.com",0,2228357,"SPOT","LPLB","LCLB",3994,"SPR1","EBSD","CNH","EUR","","","","",999000000000,1,0,1,"LCLB","SPR1"
"auto1@ebs.com",0,2228360,"SPOT","LPLB","LCLB",3994,"SPR1","EBSD","HKD","EUR","","","","",999000000000,1,0,1,"LCLB","SPR1"
"auto1@ebs.com",0,2228364,"SPOT","LPLB","LCLB",3994,"SPR1","EBSD","NZD","EUR","","","","",999000000000,1,0,1,"LCLB","SPR1"
"auto1@ebs.com",0,2228367,"SPOT","LPP1","LCLB",3994,"SPR1","EBSD","USD","EUR","","","","",100000000,1,0,0,"LCLB","SPR1"
"auto1@ebs.com",0,2228415,"SPOT","LPLB","LCLB",3994,"SPR1","EBSD","PLN","EUR","","","","",999000000000,1,0,1,"LCLB","SPR1"
"auto1@ebs.com",0,2228420,"SPOT","LPLB","LCLB",3994,"SPR1","EBSD","ILS","EUR","","","","",999000000000,1,0,1,"LCLB","SPR1"
"auto1@ebs.com",0,6226056,"SPOT","LPLB","LCLB",3994,"SPR1","EBSD","HKD","CNY","","","","",999000000000,1,0,1,"LCLB","SPR1"
"auto1@ebs.com",0,6226112,"SPOT","LPLB","LCLB",3994,"SPR1","EBSD","SGD","CNY","","","","",999000000000,1,0,1,"LCLB","SPR1"
"auto1@ebs.com",0,196739,"SPOT","LPLB","LCRF",4157,"SPR1","EBSD","CAD","AUD","","","","",999000000000,1,0,1,"LCRF","SPR1"
"auto1@ebs.com",0,196740,"SPOT","LPLA","LCRF",4157,"SPR1","EBSD","CHF","AUD","","","","",999000000000,1,0,1,"LCRF","SPR1"
"auto1@ebs.com",0,196745,"SPOT","LPRI","LCRF",4157,"SPR1","EBSD","JPY","AUD","","","","",999000000000,0,1,0,"LCRF","SPR1"
"auto1@ebs.com",0,852100,"SPOT","LPRI","LCRF",4157,"SPR1","EBSD","CHF","GBP","","","","",999000000000,0,1,0,"LCRF","SPR1"
"auto1@ebs.com",0,852107,"SPOT","LPP1","LCRF",4157,"SPR1","EBSD","NOK","GBP","","","","",999000000000,1,0,0,"LCRF","SPR1"
"auto1@ebs.com",0,852158,"SPOT","LPP1","LCRF",4157,"SPR1","EBSD","HUF","GBP","","","","",999000000000,1,0,0,"LCRF","SPR1"
"auto1@ebs.com",0,1900676,"SPOT","LPRI","LCRF",4157,"SPR1","EBSD","CHF","USD","","","","",999000000000,0,1,0,"LCRF","SPR1"
"auto1@ebs.com",0,1900680,"SPOT","LPRI","LCRF",4157,"SPR1","EBSD","HKD","USD","","","","",999000000000,0,1,0,"LCRF","SPR1"
"auto1@ebs.com",0,1900681,"SPOT","LPRL","LCRF",4157,"SPR1","EBSD","JPY","USD","","","","",999000000000,0,1,0,"LCRF","SPR1"
"auto1@ebs.com",0,1900685,"SPOT","LPLA","LCRF",4157,"SPR1","EBSD","RUB","USD","","","","",999000000000,1,0,1,"LCRF","SPR1"
"auto1@ebs.com",0,1900734,"SPOT","LPRJ","LCRF",4157,"SPR1","EBSD","HUF","USD","","","","",999000000000,0,1,0,"LCRF","SPR1"
"auto1@ebs.com",0,1900736,"SPOT","LPRL","LCRF",4157,"SPR1","EBSD","SGD","USD","","","","",999000000000,0,1,0,"LCRF","SPR1"
"auto1@ebs.com",0,1900737,"SPOT","LPP1","LCRF",4157,"SPR1","EBSD","TRY","USD","","","","",999000000000,1,0,0,"LCRF","SPR1"
"auto1@ebs.com",0,1900737,"SPOT","LPRI","LCRF",4157,"SPR1","EBSD","TRY","USD","","","","",999000000000,0,1,0,"LCRF","SPR1"
"auto1@ebs.com",0,2228354,"SPOT","LPLB","LCRF",4157,"SPR1","EBSD","AUD","EUR","","","","",999000000000,1,0,1,"LCRF","SPR1"
"auto1@ebs.com",0,2228354,"SPOT","LPRL","LCRF",4157,"SPR1","EBSD","AUD","EUR","","","","",999000000000,0,1,0,"LCRF","SPR1"
"auto1@ebs.com",0,2228358,"SPOT","LPRI","LCRF",4157,"SPR1","EBSD","DKK","EUR","","","","",999000000000,0,1,0,"LCRF","SPR1"
"auto1@ebs.com",0,2228359,"SPOT","LPLA","LCRF",4157,"SPR1","EBSD","GBP","EUR","","","","",999000000000,1,0,1,"LCRF","SPR1"
"auto1@ebs.com",0,2228360,"SPOT","LPP1","LCRF",4157,"SPR1","EBSD","HKD","EUR","","","","",999000000000,1,0,0,"LCRF","SPR1"
"auto1@ebs.com",0,2228361,"SPOT","LPLA","LCRF",4157,"SPR1","EBSD","JPY","EUR","","","","",999000000000,1,0,1,"LCRF","SPR1"
"auto1@ebs.com",0,2228361,"SPOT","LPP2","LCRF",4157,"SPR1","EBSD","JPY","EUR","","","","",999000000000,1,0,0,"LCRF","SPR1"
"auto1@ebs.com",0,2228366,"SPOT","LPLB","LCRF",4157,"SPR1","EBSD","SEK","EUR","","","","",999000000000,1,0,1,"LCRF","SPR1"
"auto1@ebs.com",0,2228366,"SPOT","LPRI","LCRF",4157,"SPR1","EBSD","SEK","EUR","","","","",999000000000,0,1,0,"LCRF","SPR1"
"auto1@ebs.com",0,2228368,"SPOT","LPP1","LCRF",4157,"SPR1","EBSD","ZAR","EUR","","","","",999000000000,1,0,0,"LCRF","SPR1"
"auto1@ebs.com",0,2228414,"SPOT","LPP1","LCRF",4157,"SPR1","EBSD","HUF","EUR","","","","",999000000000,1,0,0,"LCRF","SPR1"
"auto1@ebs.com",0,2228414,"SPOT","LPRI","LCRF",4157,"SPR1","EBSD","HUF","EUR","","","","",999000000000,0,1,0,"LCRF","SPR1"
"auto1@ebs.com",0,8519693,"OUTRIGHT","LPRI","LCRF",4157,"SPR1","EBSD","AUD","GBP","T",0,"M",24,999000000000,0,1,0,"LCRF","SPR1"
"auto1@ebs.com",0,8552482,"SWAP","LPRM","LCRF",4157,"SPR1","EBSD","AUD","EUR","T",0,"M",5,50000000,0,1,0,"LCRF","SPR1"
"auto1@ebs.com",0,8585219,"OUTRIGHT","LPRL","LCRF",4157,"SPR1","EBSD","CAD","AUD","T",1,"M",4,30000000,0,1,0,"LCRF","SPR1"
"auto1@ebs.com",0,8617987,"SWAP","LPRM","LCRF",4157,"SPR1","EBSD","CAD","AUD","T",0,"M",1,42000000,0,1,0,"LCRF","SPR1"
"auto1@ebs.com",0,8617997,"SWAP","LPRI","LCRF",4157,"SPR1","EBSD","CAD","GBP","T",0,"M",5,50000000,0,1,0,"LCRF","SPR1"
"auto1@ebs.com",0,8650781,"OUTRIGHT","LPRL","LCRF",4157,"SPR1","EBSD","CHF","USD","T",0,"M",24,999000000000,0,1,0,"LCRF","SPR1"
"auto1@ebs.com",0,8650786,"OUTRIGHT","LPRM","LCRF",4157,"SPR1","EBSD","CHF","EUR","T",0,"M",24,999000000000,0,1,0,"LCRF","SPR1"
"auto1@ebs.com",0,8683554,"SWAP","LPRJ","LCRF",4157,"SPR1","EBSD","CHF","EUR","T",0,"M",5,50000000,0,1,0,"LCRF","SPR1"
"auto1@ebs.com",0,8978435,"OUTRIGHT","LPRJ","LCRF",4157,"SPR1","EBSD","JPY","AUD","T",1,"M",4,23423,0,1,0,"LCRF","SPR1"
"auto1@ebs.com",0,8978438,"OUTRIGHT","LP33","LCRF",4157,"SPR1","EBSD","JPY","CAD","T",0,"M",24,999000000000,0,1,0,"LCRF","SPR1"
"auto1@ebs.com",0,8978445,"OUTRIGHT","LPRJ","LCRF",4157,"SPR1","EBSD","JPY","GBP","T",0,"M",24,999000000000,0,1,0,"LCRF","SPR1"
"auto1@ebs.com",0,9011203,"SWAP","LPRL","LCRF",4157,"SPR1","EBSD","JPY","AUD","SPOT",1,"M",5,50000000,0,1,0,"LCRF","SPR1"
"auto1@ebs.com",0,9175053,"OUTRIGHT","LPRI","LCRF",4157,"SPR1","EBSD","NZD","GBP","T",0,"M",24,999000000000,0,1,0,"LCRF","SPR1"
"auto1@ebs.com",0,9273373,"SWAP","LPRM","LCRF",4157,"SPR1","EBSD","RUB","USD","W",3,"M",2,50000000,0,1,0,"LCRF","SPR1"
"auto1@ebs.com",0,9306141,"OUTRIGHT","LPRI","LCRF",4157,"SPR1","EBSD","SEK","USD","T",0,"M",24,999000000000,0,1,0,"LCRF","SPR1"
"auto1@ebs.com",0,9338914,"SWAP","LPRI","LCRF",4157,"SPR1","EBSD","SEK","EUR","T",0,"M",5,50000000,0,1,0,"LCRF","SPR1"
"auto1@ebs.com",0,9404450,"SWAP","LP32","LCRF",4157,"SPR1","EBSD","USD","EUR","T",0,"M",3,999000000000,0,1,0,"LCRF","SPR1"
"auto1@ebs.com",0,12517405,"OUTRIGHT","LPRI","LCRF",4157,"SPR1","EBSD","PLN","USD","T",0,"M",24,999000000000,0,1,0,"LCRF","SPR1"
"auto1@ebs.com",0,196739,"SPOT","LPRL","LCLD",4393,"SPR1","EBSD","CAD","AUD","","","","",999000000000,0,1,0,"LCLD","SPR1"
"auto1@ebs.com",0,196745,"SPOT","LPRI","LCLD",4393,"SPR1","EBSD","JPY","AUD","","","","",999000000000,0,1,0,"LCLD","SPR1"
"auto1@ebs.com",0,852105,"SPOT","LPLB","LCLD",4393,"SPR1","EBSD","JPY","GBP","","","","",999000000000,1,0,1,"LCLD","SPR1"
"auto1@ebs.com",0,1900734,"SPOT","LPLA","LCLD",4393,"SPR1","EBSD","HUF","USD","","","","",999000000000,1,0,1,"LCLD","SPR1"
"auto1@ebs.com",0,1900737,"SPOT","LPP2","LCLD",4393,"SPR1","EBSD","TRY","USD","","","","",999000000000,1,0,0,"LCLD","SPR1"
"auto1@ebs.com",0,1900740,"SPOT","LPLA","LCLD",4393,"SPR1","EBSD","ILS","USD","","","","",999000000000,1,0,1,"LCLD","SPR1"
"auto1@ebs.com",0,2228356,"SPOT","LPLA","LCLD",4393,"SPR1","EBSD","CHF","EUR","","","","",999000000000,1,0,1,"LCLD","SPR1"
"auto1@ebs.com",0,2228359,"SPOT","LPP2","LCLD",4393,"SPR1","EBSD","GBP","EUR","","","","",999000000000,1,0,0,"LCLD","SPR1"
"auto1@ebs.com",0,2228366,"SPOT","LPLA","LCLD",4393,"SPR1","EBSD","SEK","EUR","","","","",999000000000,1,0,1,"LCLD","SPR1"
"auto1@ebs.com",0,2228367,"SPOT","LPRM","LCLD",4393,"SPR1","EBSD","USD","EUR","","","","",100000000,0,1,0,"LCLD","SPR1"
"auto1@ebs.com",0,8585219,"OUTRIGHT","LPRJ","LCLD",4393,"SPR1","EBSD","CAD","AUD","T",1,"M",4,30000000,0,1,0,"LCLD","SPR1"
"auto1@ebs.com",0,8585219,"OUTRIGHT","LPRL","LCLD",4393,"SPR1","EBSD","CAD","AUD","T",1,"M",4,30000000,0,1,0,"LCLD","SPR1"
"auto1@ebs.com",0,8617987,"SWAP","LPRM","LCLD",4393,"SPR1","EBSD","CAD","AUD","T",0,"M",1,42000000,0,1,0,"LCLD","SPR1"
"auto1@ebs.com",0,8847394,"OUTRIGHT","LPRL","LCLD",4393,"SPR1","EBSD","GBP","EUR","T",0,"M",24,999000000000,0,1,0,"LCLD","SPR1"
"auto1@ebs.com",0,8978435,"OUTRIGHT","LPRK","LCLD",4393,"SPR1","EBSD","JPY","AUD","M",6,"M",4,23423,0,1,0,"LCLD","SPR1"
"auto1@ebs.com",0,8978461,"OUTRIGHT","LPRJ","LCLD",4393,"SPR1","EBSD","JPY","USD","T",0,"M",24,999000000000,0,1,0,"LCLD","SPR1"
"auto1@ebs.com",0,9011234,"SWAP","LPRM","LCLD",4393,"SPR1","EBSD","JPY","EUR","T",0,"M",5,20000000,0,1,0,"LCLD","SPR1"
"auto1@ebs.com",0,9240605,"OUTRIGHT","LPRM","LCLD",4393,"SPR1","EBSD","RUB","USD","T",0,"M",24,999000000000,0,1,0,"LCLD","SPR1"
"auto1@ebs.com",0,12386338,"OUTRIGHT","LPRI","LCLD",4393,"SPR1","EBSD","CZK","EUR","T",1,"M",24,999000000000,0,1,0,"LCLD","SPR1"
