"GID","DOMAIN_ID","SERIES_ID","PRODUCT_TYPE","LP_ACCOUNT","LC_FLOOR_CODE","LC_FLOOR_KEY","LC_INSTITUTION","ECN","COUNTER_CCY","BASE_CCY","MIN_TENOR_TYPE","MIN_TENOR_VALUE","MAX_TENOR_TYPE","MAX_TENOR_VALUE","MAX_ORDER_SIZE","IS_MARKET_SEGMENT_SWEEPABLE","IS_MARKET_SEGMENT_RFQ","IS_MARKET_SEGMENT_FULL","FLOOR","INSTITUTION"
"auto10@ebs.com","0","8650755","OUTRIGHT","LPRK","SLD2","5092","SLD2","EBSD","CHF","AUD","T","0","M","24","999000000000","0","1","0","SLD2","SLD2"
"auto10@ebs.com","0","9469981","SWAP","LP33","SLD2","5092","SLD2","EBSD","ZAR","USD","T","0","M","24","999000000000","0","1","0","SLD2","SLD2"
"auto10@ebs.com","0","9469981","SWAP","LPRK","SLD2","5092","SLD2","EBSD","ZAR","USD","T","0","M","24","999000000000","0","1","0","SLD2","SLD2"
"auto10@ebs.com","0","9437213","OUTRIGHT","LP33","SLD2","5092","SLD2","EBSD","ZAR","USD","T","0","M","24","999000000000","0","1","0","SLD2","SLD2"
"auto10@ebs.com","0","9437213","OUTRIGHT","LPRK","SLD2","5092","SLD2","EBSD","ZAR","USD","T","0","M","24","999000000000","0","1","0","SLD2","SLD2"
"auto10@ebs.com","0","12681250","SWAP","LPRK","SLD2","5092","SLD2","EBSD","TRY","EUR","T","0","M","24","999000000000","0","1","0","SLD2","SLD2"
"auto10@ebs.com","0","9175043","OUTRIGHT","LPRK","SLD2","5092","SLD2","EBSD","NZD","AUD","M","15","M","18","999000000000","0","1","0","SLD2","SLD2"
"auto10@ebs.com","0","9338914","SWAP","LPRK","SLD2","5092","SLD2","EBSD","SEK","EUR","T","0","M","24","999000000000","0","1","0","SLD2","SLD2"
"auto10@ebs.com","0","9306146","OUTRIGHT","LPRK","SLD2","5092","SLD2","EBSD","SEK","EUR","T","0","M","24","999000000000","0","1","0","SLD2","SLD2"
"auto10@ebs.com","0","9404450","SWAP","LP33","SLD2","5092","SLD2","EBSD","USD","EUR","T","0","M","24","999000000000","0","1","0","SLD2","SLD2"
"auto10@ebs.com","0","9404450","SWAP","LPRK","SLD2","5092","SLD2","EBSD","USD","EUR","T","0","M","24","999000000000","0","1","0","SLD2","SLD2"
"auto10@ebs.com","0","9371682","OUTRIGHT","LP33","SLD2","5092","SLD2","EBSD","USD","EUR","T","0","M","24","999000000000","0","1","0","SLD2","SLD2"
"auto10@ebs.com","0","9371682","OUTRIGHT","LPRM","SLD2","5092","SLD2","EBSD","USD","EUR","T","0","M","24","999000000000","0","1","0","SLD2","SLD2"
"auto10@ebs.com","0","9371682","OUTRIGHT","LPRK","SLD2","5092","SLD2","EBSD","USD","EUR","T","0","M","24","999000000000","0","1","0","SLD2","SLD2"
"auto10@ebs.com","0","8978435","OUTRIGHT","LPRK","SLD2","5092","SLD2","EBSD","JPY","AUD","M","6","M","24","999000000000","0","1","0","SLD2","SLD2"
"auto10@ebs.com","0","9273378","SWAP","LPRK","SLD2","5092","SLD2","EBSD","RUB","EUR","T","0","M","24","999000000000","0","1","0","SLD2","SLD2"
"auto10@ebs.com","0","2228368","SPOT","LPLA","SLD2","5092","SLD2","EBSD","ZAR","EUR","","","","","999000000000","1","0","1","SLD2","SLD2"
"auto10@ebs.com","0","2228368","SPOT","LPLB","SLD2","5092","SLD2","EBSD","ZAR","EUR","","","","","999000000000","1","0","1","SLD2","SLD2"
"auto10@ebs.com","0","196745","SPOT","LPLA","SLD2","5092","SLD2","EBSD","JPY","AUD","","","","","999000000000","1","0","1","SLD2","SLD2"
"auto10@ebs.com","0","196745","SPOT","LPLB","SLD2","5092","SLD2","EBSD","JPY","AUD","","","","","999000000000","1","0","1","SLD2","SLD2"
"auto10@ebs.com","0","1900737","SPOT","LPLB","SLD2","5092","SLD2","EBSD","TRY","USD","","","","","999000000000","1","0","1","SLD2","SLD2"
"auto10@ebs.com","0","1900737","SPOT","LPLA","SLD2","5092","SLD2","EBSD","TRY","USD","","","","","999000000000","1","0","1","SLD2","SLD2"
"auto10@ebs.com","0","2228360","SPOT","LPLB","SLD2","5092","SLD2","EBSD","HKD","EUR","","","","","999000000000","1","0","1","SLD2","SLD2"
"auto10@ebs.com","0","2228360","SPOT","LPLA","SLD2","5092","SLD2","EBSD","HKD","EUR","","","","","999000000000","1","0","1","SLD2","SLD2"
"auto10@ebs.com","0","196739","SPOT","LPLK","SLD2","5092","SLD2","EBSD","CAD","AUD","","","","","999000000000","1","0","0","SLD2","SLD2"
"auto10@ebs.com","0","196739","SPOT","LPLB","SLD2","5092","SLD2","EBSD","CAD","AUD","","","","","999000000000","1","0","0","SLD2","SLD2"
"auto10@ebs.com","0","196739","SPOT","LPLA","SLD2","5092","SLD2","EBSD","CAD","AUD","","","","","999000000000","1","0","0","SLD2","SLD2"
"auto10@ebs.com","0","2228364","SPOT","LPLA","SLD2","5092","SLD2","EBSD","NZD","EUR","","","","","999000000000","1","0","1","SLD2","SLD2"
"auto10@ebs.com","0","2228364","SPOT","LPLB","SLD2","5092","SLD2","EBSD","NZD","EUR","","","","","999000000000","1","0","1","SLD2","SLD2"
"auto10@ebs.com","0","6226056","SPOT","LPLB","SLD2","5092","SLD2","EBSD","HKD","CNY","","","","","999000000000","1","0","1","SLD2","SLD2"
"auto10@ebs.com","0","6226056","SPOT","LPLA","SLD2","5092","SLD2","EBSD","HKD","CNY","","","","","999000000000","1","0","1","SLD2","SLD2"
"auto10@ebs.com","0","983177","SPOT","LPLA","SLD2","5092","SLD2","EBSD","JPY","HKD","","","","","999000000000","1","0","1","SLD2","SLD2"
"auto10@ebs.com","0","983177","SPOT","LPLB","SLD2","5092","SLD2","EBSD","JPY","HKD","","","","","999000000000","1","0","1","SLD2","SLD2"
"auto10@ebs.com","0","2228434","SPOT","LPLB","SLD2","5092","SLD2","EBSD","THB","EUR","","","","","999000000000","1","0","1","SLD2","SLD2"
"auto10@ebs.com","0","2228434","SPOT","LPLA","SLD2","5092","SLD2","EBSD","THB","EUR","","","","","999000000000","1","0","1","SLD2","SLD2"
"auto10@ebs.com","0","852159","SPOT","LPLA","SLD2","5092","SLD2","EBSD","PLN","GBP","","","","","999000000000","1","0","1","SLD2","SLD2"
"auto10@ebs.com","0","852159","SPOT","LPLB","SLD2","5092","SLD2","EBSD","PLN","GBP","","","","","999000000000","1","0","1","SLD2","SLD2"
"auto10@ebs.com","0","1900681","SPOT","LPLA","SLD2","5092","SLD2","EBSD","JPY","USD","","","","","999000000000","1","0","1","SLD2","SLD2"
"auto10@ebs.com","0","1900681","SPOT","LPLB","SLD2","5092","SLD2","EBSD","JPY","USD","","","","","999000000000","1","0","1","SLD2","SLD2"
"auto10@ebs.com","0","1441934","SPOT","LPLA","SLD2","5092","SLD2","EBSD","SEK","NOK","","","","","999000000000","1","0","1","SLD2","SLD2"
"auto10@ebs.com","0","1441934","SPOT","LPLB","SLD2","5092","SLD2","EBSD","SEK","NOK","","","","","999000000000","1","0","1","SLD2","SLD2"
"auto10@ebs.com","0","6226112","SPOT","LPLB","SLD2","5092","SLD2","EBSD","SGD","CNY","","","","","999000000000","1","0","1","SLD2","SLD2"
"auto10@ebs.com","0","6226112","SPOT","LPLA","SLD2","5092","SLD2","EBSD","SGD","CNY","","","","","999000000000","1","0","1","SLD2","SLD2"
"auto10@ebs.com","0","2228416","SPOT","LPLB","SLD2","5092","SLD2","EBSD","SGD","EUR","","","","","999000000000","1","0","1","SLD2","SLD2"
"auto10@ebs.com","0","2228416","SPOT","LPLA","SLD2","5092","SLD2","EBSD","SGD","EUR","","","","","999000000000","1","0","1","SLD2","SLD2"
"auto10@ebs.com","0","1900757","SPOT","LPLB","SLD2","5092","SLD2","EBSD","WMT","USD","","","","","999000000000","1","0","1","SLD2","SLD2"
"auto10@ebs.com","0","1900757","SPOT","LPLA","SLD2","5092","SLD2","EBSD","WMT","USD","","","","","999000000000","1","0","1","SLD2","SLD2"
"auto10@ebs.com","0","196748","SPOT","LPLB","SLD2","5092","SLD2","EBSD","NZD","AUD","","","","","999000000000","1","0","1","SLD2","SLD2"
"auto10@ebs.com","0","196748","SPOT","LPLK","SLD2","5092","SLD2","EBSD","NZD","AUD","","","","","999000000000","1","0","0","SLD2","SLD2"
"auto10@ebs.com","0","196748","SPOT","LPLA","SLD2","5092","SLD2","EBSD","NZD","AUD","","","","","999000000000","1","0","1","SLD2","SLD2"
"auto10@ebs.com","0","852102","SPOT","LPLB","SLD2","5092","SLD2","EBSD","DKK","GBP","","","","","999000000000","1","0","1","SLD2","SLD2"
"auto10@ebs.com","0","852102","SPOT","LPLA","SLD2","5092","SLD2","EBSD","DKK","GBP","","","","","999000000000","1","0","1","SLD2","SLD2"
"auto10@ebs.com","0","2031753","SPOT","LPLB","SLD2","5092","SLD2","EBSD","JPY","ZAR","","","","","999000000000","1","0","1","SLD2","SLD2"
"auto10@ebs.com","0","2031753","SPOT","LPLA","SLD2","5092","SLD2","EBSD","JPY","ZAR","","","","","999000000000","1","0","1","SLD2","SLD2"
"auto10@ebs.com","0","196751","SPOT","LPLB","SLD2","5092","SLD2","EBSD","USD","AUD","","","","","999000000000","1","0","1","SLD2","SLD2"
"auto10@ebs.com","0","196751","SPOT","LPLA","SLD2","5092","SLD2","EBSD","USD","AUD","","","","","999000000000","1","0","1","SLD2","SLD2"
"auto10@ebs.com","0","13959186","SPOT","LPLA","SLD2","5092","SLD2","EBSD","JPY","WMT","","","","","999000000000","1","0","0","SLD2","SLD2"
"auto10@ebs.com","0","13959186","SPOT","LPLB","SLD2","5092","SLD2","EBSD","JPY","WMT","","","","","999000000000","1","0","0","SLD2","SLD2"
"auto10@ebs.com","0","852157","SPOT","LPLA","SLD2","5092","SLD2","EBSD","CZK","GBP","","","","","999000000000","1","0","1","SLD2","SLD2"
"auto10@ebs.com","0","852157","SPOT","LPLB","SLD2","5092","SLD2","EBSD","CZK","GBP","","","","","999000000000","1","0","1","SLD2","SLD2"
"auto10@ebs.com","0","2228415","SPOT","LPLA","SLD2","5092","SLD2","EBSD","PLN","EUR","","","","","999000000000","1","0","1","SLD2","SLD2"
"auto10@ebs.com","0","2228415","SPOT","LPLB","SLD2","5092","SLD2","EBSD","PLN","EUR","","","","","999000000000","1","0","1","SLD2","SLD2"
"auto10@ebs.com","0","1900677","SPOT","LPLB","SLD2","5092","SLD2","EBSD","CNH","USD","","","","","999000000000","1","0","1","SLD2","SLD2"
"auto10@ebs.com","0","1900677","SPOT","LPLA","SLD2","5092","SLD2","EBSD","CNH","USD","","","","","999000000000","1","0","1","SLD2","SLD2"
"auto10@ebs.com","0","2228358","SPOT","LPLB","SLD2","5092","SLD2","EBSD","DKK","EUR","","","","","999000000000","1","0","1","SLD2","SLD2"
"auto10@ebs.com","0","2228358","SPOT","LPLA","SLD2","5092","SLD2","EBSD","DKK","EUR","","","","","999000000000","1","0","1","SLD2","SLD2"
"auto10@ebs.com","0","1900675","SPOT","LPLB","SLD2","5092","SLD2","EBSD","CAD","USD","","","","","999000000000","1","0","1","SLD2","SLD2"
"auto10@ebs.com","0","1900675","SPOT","LPLA","SLD2","5092","SLD2","EBSD","CAD","USD","","","","","999000000000","1","0","1","SLD2","SLD2"
"auto10@ebs.com","0","196741","SPOT","LPLA","SLD2","5092","SLD2","EBSD","CNH","AUD","","","","","999000000000","0","0","1","SLD2","SLD2"
"auto10@ebs.com","0","196741","SPOT","LPLB","SLD2","5092","SLD2","EBSD","CNH","AUD","","","","","999000000000","0","0","1","SLD2","SLD2"
"auto10@ebs.com","0","1507471","SPOT","LPLA","SLD2","5092","SLD2","EBSD","USD","NZD","","","","","999000000000","1","0","1","SLD2","SLD2"
"auto10@ebs.com","0","1507471","SPOT","LPLB","SLD2","5092","SLD2","EBSD","USD","NZD","","","","","999000000000","1","0","1","SLD2","SLD2"
"auto10@ebs.com","0","2228413","SPOT","LPLB","SLD2","5092","SLD2","EBSD","CZK","EUR","","","","","999000000000","1","0","1","SLD2","SLD2"
"auto10@ebs.com","0","2228413","SPOT","LPLA","SLD2","5092","SLD2","EBSD","CZK","EUR","","","","","999000000000","1","0","1","SLD2","SLD2"
"auto10@ebs.com","0","2228420","SPOT","LPLB","SLD2","5092","SLD2","EBSD","ILS","EUR","","","","","999000000000","1","0","1","SLD2","SLD2"
"auto10@ebs.com","0","2228420","SPOT","LPLA","SLD2","5092","SLD2","EBSD","ILS","EUR","","","","","999000000000","1","0","1","SLD2","SLD2"
"auto10@ebs.com","0","2228365","SPOT","LPLA","SLD2","5092","SLD2","EBSD","RUB","EUR","","","","","999000000000","1","0","1","SLD2","SLD2"
"auto10@ebs.com","0","2228365","SPOT","LPLB","SLD2","5092","SLD2","EBSD","RUB","EUR","","","","","999000000000","1","0","1","SLD2","SLD2"
"auto10@ebs.com","0","1900683","SPOT","LPLA","SLD2","5092","SLD2","EBSD","NOK","USD","","","","","999000000000","1","0","1","SLD2","SLD2"
"auto10@ebs.com","0","1900683","SPOT","LPLB","SLD2","5092","SLD2","EBSD","NOK","USD","","","","","999000000000","1","0","1","SLD2","SLD2"
"auto10@ebs.com","0","8716306","SPOT","LPLA","SLD2","5092","SLD2","EBSD","JPY","CNH","","","","","999000000000","1","0","1","SLD2","SLD2"
"auto10@ebs.com","0","8716306","SPOT","LPLB","SLD2","5092","SLD2","EBSD","JPY","CNH","","","","","999000000000","1","0","1","SLD2","SLD2"
"auto10@ebs.com","0","2228366","SPOT","LPLA","SLD2","5092","SLD2","EBSD","SEK","EUR","","","","","999000000000","1","0","1","SLD2","SLD2"
"auto10@ebs.com","0","2228366","SPOT","LPLB","SLD2","5092","SLD2","EBSD","SEK","EUR","","","","","999000000000","1","0","1","SLD2","SLD2"
"auto10@ebs.com","0","1900734","SPOT","LPLB","SLD2","5092","SLD2","EBSD","HUF","USD","","","","","999000000000","1","0","1","SLD2","SLD2"
"auto10@ebs.com","0","1900734","SPOT","LPLA","SLD2","5092","SLD2","EBSD","HUF","USD","","","","","999000000000","1","0","1","SLD2","SLD2"
"auto10@ebs.com","0","6226057","SPOT","LPLB","SLD2","5092","SLD2","EBSD","JPY","CNY","","","","","999000000000","1","0","1","SLD2","SLD2"
"auto10@ebs.com","0","6226057","SPOT","LPLA","SLD2","5092","SLD2","EBSD","JPY","CNY","","","","","999000000000","1","0","1","SLD2","SLD2"
"auto10@ebs.com","0","1835141","SPOT","LPLA","SLD2","5092","SLD2","EBSD","CNH","SGD","","","","","999000000000","1","0","1","SLD2","SLD2"
"auto10@ebs.com","0","1835141","SPOT","LPLB","SLD2","5092","SLD2","EBSD","CNH","SGD","","","","","999000000000","1","0","1","SLD2","SLD2"
"auto10@ebs.com","0","2228355","SPOT","LPRK","SLD2","5092","SLD2","EBSD","CAD","EUR","","","","","999000000000","0","1","0","SLD2","SLD2"
"auto10@ebs.com","0","2228355","SPOT","LPLA","SLD2","5092","SLD2","EBSD","CAD","EUR","","","","","999000000000","1","0","1","SLD2","SLD2"
"auto10@ebs.com","0","2228355","SPOT","LPLB","SLD2","5092","SLD2","EBSD","CAD","EUR","","","","","999000000000","1","0","1","SLD2","SLD2"
"auto10@ebs.com","0","393353","SPOT","LPLA","SLD2","5092","SLD2","EBSD","JPY","CAD","","","","","999000000000","1","0","1","SLD2","SLD2"
"auto10@ebs.com","0","393353","SPOT","LPLB","SLD2","5092","SLD2","EBSD","JPY","CAD","","","","","999000000000","1","0","1","SLD2","SLD2"
"auto10@ebs.com","0","852100","SPOT","LPLA","SLD2","5092","SLD2","EBSD","CHF","GBP","","","","","999000000000","1","0","1","SLD2","SLD2"
"auto10@ebs.com","0","852100","SPOT","LPLB","SLD2","5092","SLD2","EBSD","CHF","GBP","","","","","999000000000","1","0","1","SLD2","SLD2"
"auto10@ebs.com","0","852105","SPOT","LPLB","SLD2","5092","SLD2","EBSD","JPY","GBP","","","","","999000000000","1","0","1","SLD2","SLD2"
"auto10@ebs.com","0","852105","SPOT","LPLA","SLD2","5092","SLD2","EBSD","JPY","GBP","","","","","999000000000","1","0","1","SLD2","SLD2"
"auto10@ebs.com","0","852098","SPOT","LPLB","SLD2","5092","SLD2","EBSD","AUD","GBP","","","","","999000000000","1","0","1","SLD2","SLD2"
"auto10@ebs.com","0","852098","SPOT","LPLA","SLD2","5092","SLD2","EBSD","AUD","GBP","","","","","999000000000","1","0","1","SLD2","SLD2"
"auto10@ebs.com","0","2228367","SPOT","LPLA","SLD2","5092","SLD2","EBSD","USD","EUR","","","","","999000000000","1","0","1","SLD2","SLD2"
"auto10@ebs.com","0","2228367","SPOT","LPLB","SLD2","5092","SLD2","EBSD","USD","EUR","","","","","999000000000","1","0","1","SLD2","SLD2"
"auto10@ebs.com","0","2228367","SPOT","LPLK","SLD2","5092","SLD2","EBSD","USD","EUR","","","","","999000000000","1","0","0","SLD2","SLD2"
"auto10@ebs.com","0","2228367","SPOT","LPRK","SLD2","5092","SLD2","EBSD","USD","EUR","","","","","999000000000","0","1","0","SLD2","SLD2"
"auto10@ebs.com","0","2228362","SPOT","LPLA","SLD2","5092","SLD2","EBSD","MXN","EUR","","","","","999000000000","1","0","1","SLD2","SLD2"
"auto10@ebs.com","0","2228362","SPOT","LPLB","SLD2","5092","SLD2","EBSD","MXN","EUR","","","","","999000000000","1","0","1","SLD2","SLD2"
"auto10@ebs.com","0","1900682","SPOT","LPLA","SLD2","5092","SLD2","EBSD","MXN","USD","","","","","999000000000","1","0","1","SLD2","SLD2"
"auto10@ebs.com","0","1900682","SPOT","LPLB","SLD2","5092","SLD2","EBSD","MXN","USD","","","","","999000000000","1","0","1","SLD2","SLD2"
"auto10@ebs.com","0","852110","SPOT","LPLA","SLD2","5092","SLD2","EBSD","SEK","GBP","","","","","999000000000","1","0","1","SLD2","SLD2"
"auto10@ebs.com","0","852110","SPOT","LPLB","SLD2","5092","SLD2","EBSD","SEK","GBP","","","","","999000000000","1","0","1","SLD2","SLD2"
"auto10@ebs.com","0","852099","SPOT","LPLA","SLD2","5092","SLD2","EBSD","CAD","GBP","","","","","999000000000","1","0","1","SLD2","SLD2"
"auto10@ebs.com","0","852099","SPOT","LPLB","SLD2","5092","SLD2","EBSD","CAD","GBP","","","","","999000000000","1","0","1","SLD2","SLD2"
"auto10@ebs.com","0","852158","SPOT","LPLA","SLD2","5092","SLD2","EBSD","HUF","GBP","","","","","999000000000","1","0","1","SLD2","SLD2"
"auto10@ebs.com","0","852158","SPOT","LPLB","SLD2","5092","SLD2","EBSD","HUF","GBP","","","","","999000000000","1","0","1","SLD2","SLD2"
"auto10@ebs.com","0","852111","SPOT","LPLA","SLD2","5092","SLD2","EBSD","USD","GBP","","","","","999000000000","1","0","1","SLD2","SLD2"
"auto10@ebs.com","0","852111","SPOT","LPLB","SLD2","5092","SLD2","EBSD","USD","GBP","","","","","999000000000","1","0","1","SLD2","SLD2"
"auto10@ebs.com","0","1900736","SPOT","LPLA","SLD2","5092","SLD2","EBSD","SGD","USD","","","","","999000000000","1","0","1","SLD2","SLD2"
"auto10@ebs.com","0","1900736","SPOT","LPLB","SLD2","5092","SLD2","EBSD","SGD","USD","","","","","999000000000","1","0","1","SLD2","SLD2"
"auto10@ebs.com","0","2228361","SPOT","LPLA","SLD2","5092","SLD2","EBSD","JPY","EUR","","","","","999000000000","1","0","1","SLD2","SLD2"
"auto10@ebs.com","0","2228361","SPOT","LPLB","SLD2","5092","SLD2","EBSD","JPY","EUR","","","","","999000000000","1","0","1","SLD2","SLD2"
"auto10@ebs.com","0","1507459","SPOT","LPLA","SLD2","5092","SLD2","EBSD","CAD","NZD","","","","","999000000000","1","0","1","SLD2","SLD2"
"auto10@ebs.com","0","1507459","SPOT","LPLB","SLD2","5092","SLD2","EBSD","CAD","NZD","","","","","999000000000","1","0","1","SLD2","SLD2"
"auto10@ebs.com","0","2228359","SPOT","LPLA","SLD2","5092","SLD2","EBSD","GBP","EUR","","","","","999000000000","1","0","1","SLD2","SLD2"
"auto10@ebs.com","0","2228359","SPOT","LPLB","SLD2","5092","SLD2","EBSD","GBP","EUR","","","","","999000000000","1","0","1","SLD2","SLD2"
"auto10@ebs.com","0","1507465","SPOT","LPLA","SLD2","5092","SLD2","EBSD","JPY","NZD","","","","","999000000000","1","0","1","SLD2","SLD2"
"auto10@ebs.com","0","1507465","SPOT","LPLB","SLD2","5092","SLD2","EBSD","JPY","NZD","","","","","999000000000","1","0","1","SLD2","SLD2"
"auto10@ebs.com","0","852109","SPOT","LPLA","SLD2","5092","SLD2","EBSD","RUB","GBP","","","","","999000000000","1","0","1","SLD2","SLD2"
"auto10@ebs.com","0","852109","SPOT","LPLB","SLD2","5092","SLD2","EBSD","RUB","GBP","","","","","999000000000","1","0","1","SLD2","SLD2"
"auto10@ebs.com","0","1900685","SPOT","LPLB","SLD2","5092","SLD2","EBSD","RUB","USD","","","","","999000000000","1","0","1","SLD2","SLD2"
"auto10@ebs.com","0","1900685","SPOT","LPLA","SLD2","5092","SLD2","EBSD","RUB","USD","","","","","999000000000","1","0","1","SLD2","SLD2"
"auto10@ebs.com","0","2228417","SPOT","LPLA","SLD2","5092","SLD2","EBSD","TRY","EUR","","","","","999000000000","1","0","1","SLD2","SLD2"
"auto10@ebs.com","0","2228417","SPOT","LPLB","SLD2","5092","SLD2","EBSD","TRY","EUR","","","","","999000000000","1","0","1","SLD2","SLD2"
"auto10@ebs.com","0","1900686","SPOT","LPLB","SLD2","5092","SLD2","EBSD","SEK","USD","","","","","999000000000","1","0","1","SLD2","SLD2"
"auto10@ebs.com","0","1900686","SPOT","LPLA","SLD2","5092","SLD2","EBSD","SEK","USD","","","","","999000000000","1","0","1","SLD2","SLD2"
"auto10@ebs.com","0","458894","SPOT","LPLA","SLD2","5092","SLD2","EBSD","SEK","CHF","","","","","999000000000","1","0","1","SLD2","SLD2"
"auto10@ebs.com","0","458894","SPOT","LPLB","SLD2","5092","SLD2","EBSD","SEK","CHF","","","","","999000000000","1","0","1","SLD2","SLD2"
"auto10@ebs.com","0","2228356","SPOT","LPLB","SLD2","5092","SLD2","EBSD","CHF","EUR","","","","","999000000000","1","0","1","SLD2","SLD2"
"auto10@ebs.com","0","2228356","SPOT","LPRK","SLD2","5092","SLD2","EBSD","CHF","EUR","","","","","999000000000","0","1","0","SLD2","SLD2"
"auto10@ebs.com","0","2228356","SPOT","LPLA","SLD2","5092","SLD2","EBSD","CHF","EUR","","","","","999000000000","1","0","1","SLD2","SLD2"
"auto10@ebs.com","0","458889","SPOT","LPLB","SLD2","5092","SLD2","EBSD","JPY","CHF","","","","","999000000000","1","0","1","SLD2","SLD2"
"auto10@ebs.com","0","458889","SPOT","LPLA","SLD2","5092","SLD2","EBSD","JPY","CHF","","","","","999000000000","1","0","1","SLD2","SLD2"
"auto10@ebs.com","0","1900676","SPOT","LPLA","SLD2","5092","SLD2","EBSD","CHF","USD","","","","","999000000000","1","0","1","SLD2","SLD2"
"auto10@ebs.com","0","1900676","SPOT","LPLB","SLD2","5092","SLD2","EBSD","CHF","USD","","","","","999000000000","1","0","1","SLD2","SLD2"
"auto10@ebs.com","0","196744","SPOT","LPLA","SLD2","5092","SLD2","EBSD","HKD","AUD","","","","","999000000000","1","0","1","SLD2","SLD2"
"auto10@ebs.com","0","196744","SPOT","LPLB","SLD2","5092","SLD2","EBSD","HKD","AUD","","","","","999000000000","1","0","1","SLD2","SLD2"
"auto10@ebs.com","0","1900733","SPOT","LPLB","SLD2","5092","SLD2","EBSD","CZK","USD","","","","","999000000000","1","0","1","SLD2","SLD2"
"auto10@ebs.com","0","1900733","SPOT","LPLA","SLD2","5092","SLD2","EBSD","CZK","USD","","","","","999000000000","1","0","1","SLD2","SLD2"
"auto10@ebs.com","0","196740","SPOT","LPLA","SLD2","5092","SLD2","EBSD","CHF","AUD","","","","","999000000000","1","0","0","SLD2","SLD2"
"auto10@ebs.com","0","196740","SPOT","LPLB","SLD2","5092","SLD2","EBSD","CHF","AUD","","","","","999000000000","1","0","0","SLD2","SLD2"
"auto10@ebs.com","0","1900735","SPOT","LPLA","SLD2","5092","SLD2","EBSD","PLN","USD","","","","","999000000000","1","0","1","SLD2","SLD2"
"auto10@ebs.com","0","1900735","SPOT","LPLB","SLD2","5092","SLD2","EBSD","PLN","USD","","","","","999000000000","1","0","1","SLD2","SLD2"
"auto10@ebs.com","0","1900680","SPOT","LPLB","SLD2","5092","SLD2","EBSD","HKD","USD","","","","","999000000000","1","0","1","SLD2","SLD2"
"auto10@ebs.com","0","1900680","SPOT","LPLA","SLD2","5092","SLD2","EBSD","HKD","USD","","","","","999000000000","1","0","1","SLD2","SLD2"
"auto10@ebs.com","0","852108","SPOT","LPLA","SLD2","5092","SLD2","EBSD","NZD","GBP","","","","","999000000000","1","0","1","SLD2","SLD2"
"auto10@ebs.com","0","852108","SPOT","LPLB","SLD2","5092","SLD2","EBSD","NZD","GBP","","","","","999000000000","1","0","1","SLD2","SLD2"
"auto10@ebs.com","0","1900740","SPOT","LPLB","SLD2","5092","SLD2","EBSD","ILS","USD","","","","","999000000000","1","0","1","SLD2","SLD2"
"auto10@ebs.com","0","1900740","SPOT","LPLA","SLD2","5092","SLD2","EBSD","ILS","USD","","","","","999000000000","1","0","1","SLD2","SLD2"
"auto10@ebs.com","0","458891","SPOT","LPLA","SLD2","5092","SLD2","EBSD","NOK","CHF","","","","","999000000000","1","0","1","SLD2","SLD2"
"auto10@ebs.com","0","458891","SPOT","LPLB","SLD2","5092","SLD2","EBSD","NOK","CHF","","","","","999000000000","1","0","1","SLD2","SLD2"
"auto10@ebs.com","0","1900754","SPOT","LPLA","SLD2","5092","SLD2","EBSD","THB","USD","","","","","999000000000","1","0","1","SLD2","SLD2"
"auto10@ebs.com","0","1900754","SPOT","LPLB","SLD2","5092","SLD2","EBSD","THB","USD","","","","","999000000000","1","0","1","SLD2","SLD2"
"auto10@ebs.com","0","2228433","SPOT","LPLA","SLD2","5092","SLD2","EBSD","RON","EUR","","","","","999000000000","1","0","1","SLD2","SLD2"
"auto10@ebs.com","0","2228433","SPOT","LPLB","SLD2","5092","SLD2","EBSD","RON","EUR","","","","","999000000000","1","0","1","SLD2","SLD2"
"auto10@ebs.com","0","1900678","SPOT","LPLB","SLD2","5092","SLD2","EBSD","DKK","USD","","","","","999000000000","1","0","1","SLD2","SLD2"
"auto10@ebs.com","0","1900678","SPOT","LPLA","SLD2","5092","SLD2","EBSD","DKK","USD","","","","","999000000000","1","0","1","SLD2","SLD2"
"auto10@ebs.com","0","2228354","SPOT","LPRK","SLD2","5092","SLD2","EBSD","AUD","EUR","","","","","999000000000","0","1","0","SLD2","SLD2"
"auto10@ebs.com","0","2228354","SPOT","LPLA","SLD2","5092","SLD2","EBSD","AUD","EUR","","","","","999000000000","1","0","1","SLD2","SLD2"
"auto10@ebs.com","0","2228354","SPOT","LPLB","SLD2","5092","SLD2","EBSD","AUD","EUR","","","","","999000000000","1","0","1","SLD2","SLD2"
"auto10@ebs.com","0","2228363","SPOT","LPLA","SLD2","5092","SLD2","EBSD","NOK","EUR","","","","","999000000000","1","0","1","SLD2","SLD2"
"auto10@ebs.com","0","2228363","SPOT","LPLB","SLD2","5092","SLD2","EBSD","NOK","EUR","","","","","999000000000","1","0","1","SLD2","SLD2"
"auto10@ebs.com","0","1900753","SPOT","LPLA","SLD2","5092","SLD2","EBSD","RON","USD","","","","","999000000000","1","0","1","SLD2","SLD2"
"auto10@ebs.com","0","1900753","SPOT","LPLB","SLD2","5092","SLD2","EBSD","RON","USD","","","","","999000000000","1","0","1","SLD2","SLD2"
"auto10@ebs.com","0","852107","SPOT","LPLB","SLD2","5092","SLD2","EBSD","NOK","GBP","","","","","999000000000","1","0","1","SLD2","SLD2"
"auto10@ebs.com","0","852107","SPOT","LPLA","SLD2","5092","SLD2","EBSD","NOK","GBP","","","","","999000000000","1","0","1","SLD2","SLD2"
"auto10@ebs.com","0","1900688","SPOT","LPLB","SLD2","5092","SLD2","EBSD","ZAR","USD","","","","","999000000000","1","0","1","SLD2","SLD2"
"auto10@ebs.com","0","1900688","SPOT","LPLK","SLD2","5092","SLD2","EBSD","ZAR","USD","","","","","999000000000","1","0","0","SLD2","SLD2"
"auto10@ebs.com","0","1900688","SPOT","LPLA","SLD2","5092","SLD2","EBSD","ZAR","USD","","","","","999000000000","1","0","1","SLD2","SLD2"
"auto10@ebs.com","0","2228357","SPOT","LPLA","SLD2","5092","SLD2","EBSD","CNH","EUR","","","","","999000000000","1","0","1","SLD2","SLD2"
"auto10@ebs.com","0","2228357","SPOT","LPLB","SLD2","5092","SLD2","EBSD","CNH","EUR","","","","","999000000000","1","0","1","SLD2","SLD2"
"auto10@ebs.com","0","2228414","SPOT","LPLA","SLD2","5092","SLD2","EBSD","HUF","EUR","","","","","999000000000","1","0","1","SLD2","SLD2"
"auto10@ebs.com","0","2228414","SPOT","LPLB","SLD2","5092","SLD2","EBSD","HUF","EUR","","","","","999000000000","1","0","1","SLD2","SLD2"
"auto10@ebs.com","0","852177","SPOT","LPLA","SLD2","5092","SLD2","EBSD","RON","GBP","","","","","999000000000","1","0","1","SLD2","SLD2"
"auto10@ebs.com","0","852177","SPOT","LPLB","SLD2","5092","SLD2","EBSD","RON","GBP","","","","","999000000000","1","0","1","SLD2","SLD2"
"auto10@ebs.com","0","9469981","SWAP","LP33","SLD3","5093","SLD2","EBSD","ZAR","USD","T","0","M","24","999000000000","0","1","0","SLD3","SLD2"
"auto10@ebs.com","0","9437213","OUTRIGHT","LP33","SLD3","5093","SLD2","EBSD","ZAR","USD","T","0","M","24","999000000000","0","1","0","SLD3","SLD2"
"auto10@ebs.com","0","8585219","OUTRIGHT","LPRK","SLD3","5093","SLD2","EBSD","CAD","AUD","T","0","M","24","999000000000","0","1","0","SLD3","SLD2"
"auto10@ebs.com","0","8585219","OUTRIGHT","LPRM","SLD3","5093","SLD2","EBSD","CAD","AUD","T","0","M","24","999000000000","0","1","0","SLD3","SLD2"
"auto10@ebs.com","0","8617987","SWAP","LPRM","SLD3","5093","SLD2","EBSD","CAD","AUD","T","0","M","24","999000000000","0","1","0","SLD3","SLD2"
"auto10@ebs.com","0","8617987","SWAP","LPRK","SLD3","5093","SLD2","EBSD","CAD","AUD","T","0","M","24","999000000000","0","1","0","SLD3","SLD2"
"auto10@ebs.com","0","9404450","SWAP","LPRK","SLD3","5093","SLD2","EBSD","USD","EUR","T","0","M","24","999000000000","0","1","0","SLD3","SLD2"
"auto10@ebs.com","0","9404450","SWAP","LPRM","SLD3","5093","SLD2","EBSD","USD","EUR","T","0","M","24","999000000000","0","1","0","SLD3","SLD2"
"auto10@ebs.com","0","2228368","SPOT","LPLA","SLD3","5093","SLD2","EBSD","ZAR","EUR","","","","","999000000000","1","0","1","SLD3","SLD2"
"auto10@ebs.com","0","2228368","SPOT","LPLB","SLD3","5093","SLD2","EBSD","ZAR","EUR","","","","","999000000000","1","0","1","SLD3","SLD2"
"auto10@ebs.com","0","196745","SPOT","LPLA","SLD3","5093","SLD2","EBSD","JPY","AUD","","","","","999000000000","1","0","1","SLD3","SLD2"
"auto10@ebs.com","0","196745","SPOT","LPLB","SLD3","5093","SLD2","EBSD","JPY","AUD","","","","","999000000000","1","0","1","SLD3","SLD2"
"auto10@ebs.com","0","1900737","SPOT","LPLB","SLD3","5093","SLD2","EBSD","TRY","USD","","","","","999000000000","1","0","1","SLD3","SLD2"
"auto10@ebs.com","0","1900737","SPOT","LPLA","SLD3","5093","SLD2","EBSD","TRY","USD","","","","","999000000000","1","0","1","SLD3","SLD2"
"auto10@ebs.com","0","2228360","SPOT","LPLA","SLD3","5093","SLD2","EBSD","HKD","EUR","","","","","999000000000","1","0","1","SLD3","SLD2"
"auto10@ebs.com","0","2228360","SPOT","LPLB","SLD3","5093","SLD2","EBSD","HKD","EUR","","","","","999000000000","1","0","1","SLD3","SLD2"
"auto10@ebs.com","0","196739","SPOT","LPLB","SLD3","5093","SLD2","EBSD","CAD","AUD","","","","","999000000000","1","0","0","SLD3","SLD2"
"auto10@ebs.com","0","196739","SPOT","LPLA","SLD3","5093","SLD2","EBSD","CAD","AUD","","","","","999000000000","1","0","0","SLD3","SLD2"
"auto10@ebs.com","0","196739","SPOT","LPRK","SLD3","5093","SLD2","EBSD","CAD","AUD","","","","","999000000000","0","1","0","SLD3","SLD2"
"auto10@ebs.com","0","196739","SPOT","LPRM","SLD3","5093","SLD2","EBSD","CAD","AUD","","","","","999000000000","0","1","0","SLD3","SLD2"
"auto10@ebs.com","0","2228364","SPOT","LPLA","SLD3","5093","SLD2","EBSD","NZD","EUR","","","","","999000000000","1","0","1","SLD3","SLD2"
"auto10@ebs.com","0","2228364","SPOT","LPLB","SLD3","5093","SLD2","EBSD","NZD","EUR","","","","","999000000000","1","0","1","SLD3","SLD2"
"auto10@ebs.com","0","6226056","SPOT","LPLA","SLD3","5093","SLD2","EBSD","HKD","CNY","","","","","999000000000","1","0","1","SLD3","SLD2"
"auto10@ebs.com","0","6226056","SPOT","LPLB","SLD3","5093","SLD2","EBSD","HKD","CNY","","","","","999000000000","1","0","1","SLD3","SLD2"
"auto10@ebs.com","0","983177","SPOT","LPLB","SLD3","5093","SLD2","EBSD","JPY","HKD","","","","","999000000000","1","0","1","SLD3","SLD2"
"auto10@ebs.com","0","983177","SPOT","LPLA","SLD3","5093","SLD2","EBSD","JPY","HKD","","","","","999000000000","1","0","1","SLD3","SLD2"
"auto10@ebs.com","0","2228434","SPOT","LPLA","SLD3","5093","SLD2","EBSD","THB","EUR","","","","","999000000000","1","0","1","SLD3","SLD2"
"auto10@ebs.com","0","2228434","SPOT","LPLB","SLD3","5093","SLD2","EBSD","THB","EUR","","","","","999000000000","1","0","1","SLD3","SLD2"
"auto10@ebs.com","0","852159","SPOT","LPLB","SLD3","5093","SLD2","EBSD","PLN","GBP","","","","","999000000000","1","0","1","SLD3","SLD2"
"auto10@ebs.com","0","852159","SPOT","LPLA","SLD3","5093","SLD2","EBSD","PLN","GBP","","","","","999000000000","1","0","1","SLD3","SLD2"
"auto10@ebs.com","0","1900681","SPOT","LPLB","SLD3","5093","SLD2","EBSD","JPY","USD","","","","","999000000000","1","0","1","SLD3","SLD2"
"auto10@ebs.com","0","1900681","SPOT","LPLA","SLD3","5093","SLD2","EBSD","JPY","USD","","","","","999000000000","1","0","1","SLD3","SLD2"
"auto10@ebs.com","0","1441934","SPOT","LPLA","SLD3","5093","SLD2","EBSD","SEK","NOK","","","","","999000000000","1","0","1","SLD3","SLD2"
"auto10@ebs.com","0","1441934","SPOT","LPLB","SLD3","5093","SLD2","EBSD","SEK","NOK","","","","","999000000000","1","0","1","SLD3","SLD2"
"auto10@ebs.com","0","6226112","SPOT","LPLB","SLD3","5093","SLD2","EBSD","SGD","CNY","","","","","999000000000","1","0","1","SLD3","SLD2"
"auto10@ebs.com","0","6226112","SPOT","LPLA","SLD3","5093","SLD2","EBSD","SGD","CNY","","","","","999000000000","1","0","1","SLD3","SLD2"
"auto10@ebs.com","0","2228416","SPOT","LPLA","SLD3","5093","SLD2","EBSD","SGD","EUR","","","","","999000000000","1","0","1","SLD3","SLD2"
"auto10@ebs.com","0","2228416","SPOT","LPLB","SLD3","5093","SLD2","EBSD","SGD","EUR","","","","","999000000000","1","0","1","SLD3","SLD2"
"auto10@ebs.com","0","1900757","SPOT","LPLA","SLD3","5093","SLD2","EBSD","WMT","USD","","","","","999000000000","1","0","1","SLD3","SLD2"
"auto10@ebs.com","0","1900757","SPOT","LPLB","SLD3","5093","SLD2","EBSD","WMT","USD","","","","","999000000000","1","0","1","SLD3","SLD2"
"auto10@ebs.com","0","196748","SPOT","LPLB","SLD3","5093","SLD2","EBSD","NZD","AUD","","","","","999000000000","1","0","1","SLD3","SLD2"
"auto10@ebs.com","0","196748","SPOT","LPLA","SLD3","5093","SLD2","EBSD","NZD","AUD","","","","","999000000000","1","0","1","SLD3","SLD2"
"auto10@ebs.com","0","852102","SPOT","LPLB","SLD3","5093","SLD2","EBSD","DKK","GBP","","","","","999000000000","1","0","1","SLD3","SLD2"
"auto10@ebs.com","0","852102","SPOT","LPLA","SLD3","5093","SLD2","EBSD","DKK","GBP","","","","","999000000000","1","0","1","SLD3","SLD2"
"auto10@ebs.com","0","2031753","SPOT","LPLB","SLD3","5093","SLD2","EBSD","JPY","ZAR","","","","","999000000000","1","0","1","SLD3","SLD2"
"auto10@ebs.com","0","2031753","SPOT","LPLA","SLD3","5093","SLD2","EBSD","JPY","ZAR","","","","","999000000000","1","0","1","SLD3","SLD2"
"auto10@ebs.com","0","196751","SPOT","LPLA","SLD3","5093","SLD2","EBSD","USD","AUD","","","","","999000000000","1","0","1","SLD3","SLD2"
"auto10@ebs.com","0","196751","SPOT","LPLB","SLD3","5093","SLD2","EBSD","USD","AUD","","","","","999000000000","1","0","1","SLD3","SLD2"
"auto10@ebs.com","0","13959186","SPOT","LPLA","SLD3","5093","SLD2","EBSD","JPY","WMT","","","","","999000000000","1","0","0","SLD3","SLD2"
"auto10@ebs.com","0","13959186","SPOT","LPLB","SLD3","5093","SLD2","EBSD","JPY","WMT","","","","","999000000000","1","0","0","SLD3","SLD2"
"auto10@ebs.com","0","852157","SPOT","LPLA","SLD3","5093","SLD2","EBSD","CZK","GBP","","","","","999000000000","1","0","1","SLD3","SLD2"
"auto10@ebs.com","0","852157","SPOT","LPLB","SLD3","5093","SLD2","EBSD","CZK","GBP","","","","","999000000000","1","0","1","SLD3","SLD2"
"auto10@ebs.com","0","2228415","SPOT","LPLA","SLD3","5093","SLD2","EBSD","PLN","EUR","","","","","999000000000","1","0","1","SLD3","SLD2"
"auto10@ebs.com","0","2228415","SPOT","LPLB","SLD3","5093","SLD2","EBSD","PLN","EUR","","","","","999000000000","1","0","1","SLD3","SLD2"
"auto10@ebs.com","0","1900677","SPOT","LPLB","SLD3","5093","SLD2","EBSD","CNH","USD","","","","","999000000000","1","0","1","SLD3","SLD2"
"auto10@ebs.com","0","1900677","SPOT","LPLA","SLD3","5093","SLD2","EBSD","CNH","USD","","","","","999000000000","1","0","1","SLD3","SLD2"
"auto10@ebs.com","0","2228358","SPOT","LPLA","SLD3","5093","SLD2","EBSD","DKK","EUR","","","","","999000000000","1","0","1","SLD3","SLD2"
"auto10@ebs.com","0","2228358","SPOT","LPLB","SLD3","5093","SLD2","EBSD","DKK","EUR","","","","","999000000000","1","0","1","SLD3","SLD2"
"auto10@ebs.com","0","1900675","SPOT","LPLB","SLD3","5093","SLD2","EBSD","CAD","USD","","","","","999000000000","1","0","1","SLD3","SLD2"
"auto10@ebs.com","0","1900675","SPOT","LPLA","SLD3","5093","SLD2","EBSD","CAD","USD","","","","","999000000000","1","0","1","SLD3","SLD2"
"auto10@ebs.com","0","196741","SPOT","LPLA","SLD3","5093","SLD2","EBSD","CNH","AUD","","","","","999000000000","0","0","1","SLD3","SLD2"
"auto10@ebs.com","0","196741","SPOT","LPLB","SLD3","5093","SLD2","EBSD","CNH","AUD","","","","","999000000000","0","0","1","SLD3","SLD2"
"auto10@ebs.com","0","1507471","SPOT","LPLB","SLD3","5093","SLD2","EBSD","USD","NZD","","","","","999000000000","1","0","1","SLD3","SLD2"
"auto10@ebs.com","0","1507471","SPOT","LPLA","SLD3","5093","SLD2","EBSD","USD","NZD","","","","","999000000000","1","0","1","SLD3","SLD2"
"auto10@ebs.com","0","2228413","SPOT","LPLA","SLD3","5093","SLD2","EBSD","CZK","EUR","","","","","999000000000","1","0","1","SLD3","SLD2"
"auto10@ebs.com","0","2228413","SPOT","LPLB","SLD3","5093","SLD2","EBSD","CZK","EUR","","","","","999000000000","1","0","1","SLD3","SLD2"
"auto10@ebs.com","0","2228420","SPOT","LPLB","SLD3","5093","SLD2","EBSD","ILS","EUR","","","","","999000000000","1","0","1","SLD3","SLD2"
"auto10@ebs.com","0","2228420","SPOT","LPLA","SLD3","5093","SLD2","EBSD","ILS","EUR","","","","","999000000000","1","0","1","SLD3","SLD2"
"auto10@ebs.com","0","2228365","SPOT","LPLB","SLD3","5093","SLD2","EBSD","RUB","EUR","","","","","999000000000","1","0","1","SLD3","SLD2"
"auto10@ebs.com","0","2228365","SPOT","LPLA","SLD3","5093","SLD2","EBSD","RUB","EUR","","","","","999000000000","1","0","1","SLD3","SLD2"
"auto10@ebs.com","0","1900683","SPOT","LPLA","SLD3","5093","SLD2","EBSD","NOK","USD","","","","","999000000000","1","0","1","SLD3","SLD2"
"auto10@ebs.com","0","1900683","SPOT","LPLB","SLD3","5093","SLD2","EBSD","NOK","USD","","","","","999000000000","1","0","1","SLD3","SLD2"
"auto10@ebs.com","0","8716306","SPOT","LPLB","SLD3","5093","SLD2","EBSD","JPY","CNH","","","","","999000000000","1","0","1","SLD3","SLD2"
"auto10@ebs.com","0","8716306","SPOT","LPLA","SLD3","5093","SLD2","EBSD","JPY","CNH","","","","","999000000000","1","0","1","SLD3","SLD2"
"auto10@ebs.com","0","2228366","SPOT","LPLB","SLD3","5093","SLD2","EBSD","SEK","EUR","","","","","999000000000","1","0","1","SLD3","SLD2"
"auto10@ebs.com","0","2228366","SPOT","LPLA","SLD3","5093","SLD2","EBSD","SEK","EUR","","","","","999000000000","1","0","1","SLD3","SLD2"
"auto10@ebs.com","0","1900734","SPOT","LPLB","SLD3","5093","SLD2","EBSD","HUF","USD","","","","","999000000000","1","0","1","SLD3","SLD2"
"auto10@ebs.com","0","1900734","SPOT","LPLA","SLD3","5093","SLD2","EBSD","HUF","USD","","","","","999000000000","1","0","1","SLD3","SLD2"
"auto10@ebs.com","0","6226057","SPOT","LPLB","SLD3","5093","SLD2","EBSD","JPY","CNY","","","","","999000000000","1","0","1","SLD3","SLD2"
"auto10@ebs.com","0","6226057","SPOT","LPLA","SLD3","5093","SLD2","EBSD","JPY","CNY","","","","","999000000000","1","0","1","SLD3","SLD2"
"auto10@ebs.com","0","1835141","SPOT","LPLA","SLD3","5093","SLD2","EBSD","CNH","SGD","","","","","999000000000","1","0","1","SLD3","SLD2"
"auto10@ebs.com","0","1835141","SPOT","LPLB","SLD3","5093","SLD2","EBSD","CNH","SGD","","","","","999000000000","1","0","1","SLD3","SLD2"
"auto10@ebs.com","0","2228355","SPOT","LPLB","SLD3","5093","SLD2","EBSD","CAD","EUR","","","","","999000000000","1","0","1","SLD3","SLD2"
"auto10@ebs.com","0","2228355","SPOT","LPLA","SLD3","5093","SLD2","EBSD","CAD","EUR","","","","","999000000000","1","0","1","SLD3","SLD2"
"auto10@ebs.com","0","393353","SPOT","LPLB","SLD3","5093","SLD2","EBSD","JPY","CAD","","","","","999000000000","1","0","1","SLD3","SLD2"
"auto10@ebs.com","0","393353","SPOT","LPLA","SLD3","5093","SLD2","EBSD","JPY","CAD","","","","","999000000000","1","0","1","SLD3","SLD2"
"auto10@ebs.com","0","852100","SPOT","LPLA","SLD3","5093","SLD2","EBSD","CHF","GBP","","","","","999000000000","1","0","1","SLD3","SLD2"
"auto10@ebs.com","0","852100","SPOT","LPLB","SLD3","5093","SLD2","EBSD","CHF","GBP","","","","","999000000000","1","0","1","SLD3","SLD2"
"auto10@ebs.com","0","852105","SPOT","LPLB","SLD3","5093","SLD2","EBSD","JPY","GBP","","","","","999000000000","1","0","1","SLD3","SLD2"
"auto10@ebs.com","0","852105","SPOT","LPLA","SLD3","5093","SLD2","EBSD","JPY","GBP","","","","","999000000000","1","0","1","SLD3","SLD2"
"auto10@ebs.com","0","852098","SPOT","LPLA","SLD3","5093","SLD2","EBSD","AUD","GBP","","","","","999000000000","1","0","1","SLD3","SLD2"
"auto10@ebs.com","0","852098","SPOT","LPLB","SLD3","5093","SLD2","EBSD","AUD","GBP","","","","","999000000000","1","0","1","SLD3","SLD2"
"auto10@ebs.com","0","2228367","SPOT","LPLB","SLD3","5093","SLD2","EBSD","USD","EUR","","","","","999000000000","1","0","1","SLD3","SLD2"
"auto10@ebs.com","0","2228367","SPOT","LPLA","SLD3","5093","SLD2","EBSD","USD","EUR","","","","","999000000000","1","0","1","SLD3","SLD2"
"auto10@ebs.com","0","2228362","SPOT","LPLA","SLD3","5093","SLD2","EBSD","MXN","EUR","","","","","999000000000","1","0","1","SLD3","SLD2"
"auto10@ebs.com","0","2228362","SPOT","LPLB","SLD3","5093","SLD2","EBSD","MXN","EUR","","","","","999000000000","1","0","1","SLD3","SLD2"
"auto10@ebs.com","0","1900682","SPOT","LPLB","SLD3","5093","SLD2","EBSD","MXN","USD","","","","","999000000000","1","0","1","SLD3","SLD2"
"auto10@ebs.com","0","1900682","SPOT","LPLA","SLD3","5093","SLD2","EBSD","MXN","USD","","","","","999000000000","1","0","1","SLD3","SLD2"
"auto10@ebs.com","0","852110","SPOT","LPLA","SLD3","5093","SLD2","EBSD","SEK","GBP","","","","","999000000000","1","0","1","SLD3","SLD2"
"auto10@ebs.com","0","852110","SPOT","LPLB","SLD3","5093","SLD2","EBSD","SEK","GBP","","","","","999000000000","1","0","1","SLD3","SLD2"
"auto10@ebs.com","0","852099","SPOT","LPLA","SLD3","5093","SLD2","EBSD","CAD","GBP","","","","","999000000000","1","0","1","SLD3","SLD2"
"auto10@ebs.com","0","852099","SPOT","LPLB","SLD3","5093","SLD2","EBSD","CAD","GBP","","","","","999000000000","1","0","1","SLD3","SLD2"
"auto10@ebs.com","0","852158","SPOT","LPLA","SLD3","5093","SLD2","EBSD","HUF","GBP","","","","","999000000000","1","0","1","SLD3","SLD2"
"auto10@ebs.com","0","852158","SPOT","LPLB","SLD3","5093","SLD2","EBSD","HUF","GBP","","","","","999000000000","1","0","1","SLD3","SLD2"
"auto10@ebs.com","0","852111","SPOT","LPLA","SLD3","5093","SLD2","EBSD","USD","GBP","","","","","999000000000","1","0","1","SLD3","SLD2"
"auto10@ebs.com","0","852111","SPOT","LPLB","SLD3","5093","SLD2","EBSD","USD","GBP","","","","","999000000000","1","0","1","SLD3","SLD2"
"auto10@ebs.com","0","1900736","SPOT","LPLB","SLD3","5093","SLD2","EBSD","SGD","USD","","","","","999000000000","1","0","1","SLD3","SLD2"
"auto10@ebs.com","0","1900736","SPOT","LPLA","SLD3","5093","SLD2","EBSD","SGD","USD","","","","","999000000000","1","0","1","SLD3","SLD2"
"auto10@ebs.com","0","2228361","SPOT","LPLB","SLD3","5093","SLD2","EBSD","JPY","EUR","","","","","999000000000","1","0","1","SLD3","SLD2"
"auto10@ebs.com","0","2228361","SPOT","LPLA","SLD3","5093","SLD2","EBSD","JPY","EUR","","","","","999000000000","1","0","1","SLD3","SLD2"
"auto10@ebs.com","0","1507459","SPOT","LPLA","SLD3","5093","SLD2","EBSD","CAD","NZD","","","","","999000000000","1","0","1","SLD3","SLD2"
"auto10@ebs.com","0","1507459","SPOT","LPLB","SLD3","5093","SLD2","EBSD","CAD","NZD","","","","","999000000000","1","0","1","SLD3","SLD2"
"auto10@ebs.com","0","2228359","SPOT","LPLB","SLD3","5093","SLD2","EBSD","GBP","EUR","","","","","999000000000","1","0","1","SLD3","SLD2"
"auto10@ebs.com","0","2228359","SPOT","LPLA","SLD3","5093","SLD2","EBSD","GBP","EUR","","","","","999000000000","1","0","1","SLD3","SLD2"
"auto10@ebs.com","0","1507465","SPOT","LPLA","SLD3","5093","SLD2","EBSD","JPY","NZD","","","","","999000000000","1","0","1","SLD3","SLD2"
"auto10@ebs.com","0","1507465","SPOT","LPLB","SLD3","5093","SLD2","EBSD","JPY","NZD","","","","","999000000000","1","0","1","SLD3","SLD2"
"auto10@ebs.com","0","852109","SPOT","LPLA","SLD3","5093","SLD2","EBSD","RUB","GBP","","","","","999000000000","1","0","1","SLD3","SLD2"
"auto10@ebs.com","0","852109","SPOT","LPLB","SLD3","5093","SLD2","EBSD","RUB","GBP","","","","","999000000000","1","0","1","SLD3","SLD2"
"auto10@ebs.com","0","1900685","SPOT","LPLA","SLD3","5093","SLD2","EBSD","RUB","USD","","","","","999000000000","1","0","1","SLD3","SLD2"
"auto10@ebs.com","0","1900685","SPOT","LPLB","SLD3","5093","SLD2","EBSD","RUB","USD","","","","","999000000000","1","0","1","SLD3","SLD2"
"auto10@ebs.com","0","2228417","SPOT","LPLA","SLD3","5093","SLD2","EBSD","TRY","EUR","","","","","999000000000","1","0","1","SLD3","SLD2"
"auto10@ebs.com","0","2228417","SPOT","LPLB","SLD3","5093","SLD2","EBSD","TRY","EUR","","","","","999000000000","1","0","1","SLD3","SLD2"
"auto10@ebs.com","0","1900686","SPOT","LPLB","SLD3","5093","SLD2","EBSD","SEK","USD","","","","","999000000000","1","0","1","SLD3","SLD2"
"auto10@ebs.com","0","1900686","SPOT","LPLA","SLD3","5093","SLD2","EBSD","SEK","USD","","","","","999000000000","1","0","1","SLD3","SLD2"
"auto10@ebs.com","0","458894","SPOT","LPLA","SLD3","5093","SLD2","EBSD","SEK","CHF","","","","","999000000000","1","0","1","SLD3","SLD2"
"auto10@ebs.com","0","458894","SPOT","LPLB","SLD3","5093","SLD2","EBSD","SEK","CHF","","","","","999000000000","1","0","1","SLD3","SLD2"
"auto10@ebs.com","0","2228356","SPOT","LPLA","SLD3","5093","SLD2","EBSD","CHF","EUR","","","","","999000000000","1","0","1","SLD3","SLD2"
"auto10@ebs.com","0","2228356","SPOT","LPLB","SLD3","5093","SLD2","EBSD","CHF","EUR","","","","","999000000000","1","0","1","SLD3","SLD2"
"auto10@ebs.com","0","458889","SPOT","LPLB","SLD3","5093","SLD2","EBSD","JPY","CHF","","","","","999000000000","1","0","1","SLD3","SLD2"
"auto10@ebs.com","0","458889","SPOT","LPLA","SLD3","5093","SLD2","EBSD","JPY","CHF","","","","","999000000000","1","0","1","SLD3","SLD2"
"auto10@ebs.com","0","1900676","SPOT","LPLA","SLD3","5093","SLD2","EBSD","CHF","USD","","","","","999000000000","1","0","1","SLD3","SLD2"
"auto10@ebs.com","0","1900676","SPOT","LPLB","SLD3","5093","SLD2","EBSD","CHF","USD","","","","","999000000000","1","0","1","SLD3","SLD2"
"auto10@ebs.com","0","196744","SPOT","LPLA","SLD3","5093","SLD2","EBSD","HKD","AUD","","","","","999000000000","1","0","1","SLD3","SLD2"
"auto10@ebs.com","0","196744","SPOT","LPLB","SLD3","5093","SLD2","EBSD","HKD","AUD","","","","","999000000000","1","0","1","SLD3","SLD2"
"auto10@ebs.com","0","1900733","SPOT","LPLA","SLD3","5093","SLD2","EBSD","CZK","USD","","","","","999000000000","1","0","1","SLD3","SLD2"
"auto10@ebs.com","0","1900733","SPOT","LPLB","SLD3","5093","SLD2","EBSD","CZK","USD","","","","","999000000000","1","0","1","SLD3","SLD2"
"auto10@ebs.com","0","196740","SPOT","LPLB","SLD3","5093","SLD2","EBSD","CHF","AUD","","","","","999000000000","1","0","0","SLD3","SLD2"
"auto10@ebs.com","0","196740","SPOT","LPLA","SLD3","5093","SLD2","EBSD","CHF","AUD","","","","","999000000000","1","0","0","SLD3","SLD2"
"auto10@ebs.com","0","1900735","SPOT","LPLB","SLD3","5093","SLD2","EBSD","PLN","USD","","","","","999000000000","1","0","1","SLD3","SLD2"
"auto10@ebs.com","0","1900735","SPOT","LPLA","SLD3","5093","SLD2","EBSD","PLN","USD","","","","","999000000000","1","0","1","SLD3","SLD2"
"auto10@ebs.com","0","1900680","SPOT","LPLA","SLD3","5093","SLD2","EBSD","HKD","USD","","","","","999000000000","1","0","1","SLD3","SLD2"
"auto10@ebs.com","0","1900680","SPOT","LPLB","SLD3","5093","SLD2","EBSD","HKD","USD","","","","","999000000000","1","0","1","SLD3","SLD2"
"auto10@ebs.com","0","852108","SPOT","LPLB","SLD3","5093","SLD2","EBSD","NZD","GBP","","","","","999000000000","1","0","1","SLD3","SLD2"
"auto10@ebs.com","0","852108","SPOT","LPLA","SLD3","5093","SLD2","EBSD","NZD","GBP","","","","","999000000000","1","0","1","SLD3","SLD2"
"auto10@ebs.com","0","1900740","SPOT","LPLA","SLD3","5093","SLD2","EBSD","ILS","USD","","","","","999000000000","1","0","1","SLD3","SLD2"
"auto10@ebs.com","0","1900740","SPOT","LPLB","SLD3","5093","SLD2","EBSD","ILS","USD","","","","","999000000000","1","0","1","SLD3","SLD2"
"auto10@ebs.com","0","458891","SPOT","LPLA","SLD3","5093","SLD2","EBSD","NOK","CHF","","","","","999000000000","1","0","1","SLD3","SLD2"
"auto10@ebs.com","0","458891","SPOT","LPLB","SLD3","5093","SLD2","EBSD","NOK","CHF","","","","","999000000000","1","0","1","SLD3","SLD2"
"auto10@ebs.com","0","1900754","SPOT","LPLB","SLD3","5093","SLD2","EBSD","THB","USD","","","","","999000000000","1","0","1","SLD3","SLD2"
"auto10@ebs.com","0","1900754","SPOT","LPLA","SLD3","5093","SLD2","EBSD","THB","USD","","","","","999000000000","1","0","1","SLD3","SLD2"
"auto10@ebs.com","0","2228433","SPOT","LPLA","SLD3","5093","SLD2","EBSD","RON","EUR","","","","","999000000000","1","0","1","SLD3","SLD2"
"auto10@ebs.com","0","2228433","SPOT","LPLB","SLD3","5093","SLD2","EBSD","RON","EUR","","","","","999000000000","1","0","1","SLD3","SLD2"
"auto10@ebs.com","0","1900678","SPOT","LPLB","SLD3","5093","SLD2","EBSD","DKK","USD","","","","","999000000000","1","0","1","SLD3","SLD2"
"auto10@ebs.com","0","1900678","SPOT","LPLA","SLD3","5093","SLD2","EBSD","DKK","USD","","","","","999000000000","1","0","1","SLD3","SLD2"
"auto10@ebs.com","0","2228354","SPOT","LPLA","SLD3","5093","SLD2","EBSD","AUD","EUR","","","","","999000000000","1","0","1","SLD3","SLD2"
"auto10@ebs.com","0","2228354","SPOT","LPLB","SLD3","5093","SLD2","EBSD","AUD","EUR","","","","","999000000000","1","0","1","SLD3","SLD2"
"auto10@ebs.com","0","2228363","SPOT","LPLA","SLD3","5093","SLD2","EBSD","NOK","EUR","","","","","999000000000","1","0","1","SLD3","SLD2"
"auto10@ebs.com","0","2228363","SPOT","LPLB","SLD3","5093","SLD2","EBSD","NOK","EUR","","","","","999000000000","1","0","1","SLD3","SLD2"
"auto10@ebs.com","0","1900753","SPOT","LPLA","SLD3","5093","SLD2","EBSD","RON","USD","","","","","999000000000","1","0","1","SLD3","SLD2"
"auto10@ebs.com","0","1900753","SPOT","LPLB","SLD3","5093","SLD2","EBSD","RON","USD","","","","","999000000000","1","0","1","SLD3","SLD2"
"auto10@ebs.com","0","852107","SPOT","LPLB","SLD3","5093","SLD2","EBSD","NOK","GBP","","","","","999000000000","1","0","1","SLD3","SLD2"
"auto10@ebs.com","0","852107","SPOT","LPLA","SLD3","5093","SLD2","EBSD","NOK","GBP","","","","","999000000000","1","0","1","SLD3","SLD2"
"auto10@ebs.com","0","1900688","SPOT","LPLB","SLD3","5093","SLD2","EBSD","ZAR","USD","","","","","999000000000","1","0","1","SLD3","SLD2"
"auto10@ebs.com","0","1900688","SPOT","LPLA","SLD3","5093","SLD2","EBSD","ZAR","USD","","","","","999000000000","1","0","1","SLD3","SLD2"
"auto10@ebs.com","0","2228357","SPOT","LPLA","SLD3","5093","SLD2","EBSD","CNH","EUR","","","","","999000000000","1","0","1","SLD3","SLD2"
"auto10@ebs.com","0","2228357","SPOT","LPLB","SLD3","5093","SLD2","EBSD","CNH","EUR","","","","","999000000000","1","0","1","SLD3","SLD2"
"auto10@ebs.com","0","2228414","SPOT","LPLA","SLD3","5093","SLD2","EBSD","HUF","EUR","","","","","999000000000","1","0","1","SLD3","SLD2"
"auto10@ebs.com","0","2228414","SPOT","LPLB","SLD3","5093","SLD2","EBSD","HUF","EUR","","","","","999000000000","1","0","1","SLD3","SLD2"
"auto10@ebs.com","0","852177","SPOT","LPLA","SLD3","5093","SLD2","EBSD","RON","GBP","","","","","999000000000","1","0","1","SLD3","SLD2"
"auto10@ebs.com","0","852177","SPOT","LPLB","SLD3","5093","SLD2","EBSD","RON","GBP","","","","","999000000000","1","0","1","SLD3","SLD2"
