GID,DOMAIN_ID,SERIES_ID,PRODUCT_TYPE,LP_ACCOUNT,LC_FLOOR_CODE,LC_FLOOR_KEY,LC_INSTITUTION,ECN,COUNTER_CCY,BASE_CCY,MIN_TENOR_TYPE,MIN_TENOR_VALUE,MAX_TENOR_TYPE,MAX_TENOR_VALUE,MAX_ORDER_SIZE,IS_MARKET_SEGMENT_SWEEPABLE,IS_MARKET_SEGMENT_RFQ,IS_MARKET_SEGMENT_FULL,FLOOR,INSTITUTION
auto10@ebs.com,0,2228368,SPOT,LPLA,SLD2,5092,SLD2,EBSD,ZAR,EUR,,,,,999000000000,1,0,1,SLD2,SLD2
auto10@ebs.com,0,2228368,SPOT,LPLB,SLD2,5092,SLD2,EBSD,ZAR,EUR,,,,,999000000000,1,0,1,SLD2,SLD2
auto10@ebs.com,0,196745,SPOT,LPLA,SLD2,5092,SLD2,EBSD,JPY,AUD,,,,,999000000000,1,0,1,SLD2,SLD2
auto10@ebs.com,0,196745,SPOT,LPLB,SLD2,5092,SLD2,EBSD,JPY,AUD,,,,,999000000000,1,0,1,SLD2,SLD2
auto10@ebs.com,0,1900737,SPOT,LPLB,SLD2,5092,SLD2,EBSD,TRY,USD,,,,,999000000000,1,0,1,SLD2,SLD2
auto10@ebs.com,0,1900737,SPOT,LPLA,SLD2,5092,SLD2,EBSD,TRY,USD,,,,,999000000000,1,0,1,SLD2,SLD2
auto10@ebs.com,0,2228360,SPOT,LPLB,SLD2,5092,SLD2,EBSD,HKD,EUR,,,,,999000000000,1,0,1,SLD2,SLD2
auto10@ebs.com,0,2228360,SPOT,LPLA,SLD2,5092,SLD2,EBSD,HKD,EUR,,,,,999000000000,1,0,1,SLD2,SLD2
auto10@ebs.com,0,196739,SPOT,LPLK,SLD2,5092,SLD2,EBSD,CAD,AUD,,,,,999000000000,1,0,0,SLD2,SLD2
auto10@ebs.com,0,196739,SPOT,LPLB,SLD2,5092,SLD2,EBSD,CAD,AUD,,,,,999000000000,1,0,0,SLD2,SLD2
auto10@ebs.com,0,196739,SPOT,LPLA,SLD2,5092,SLD2,EBSD,CAD,AUD,,,,,999000000000,1,0,0,SLD2,SLD2
auto10@ebs.com,0,2228364,SPOT,LPLA,SLD2,5092,SLD2,EBSD,NZD,EUR,,,,,999000000000,1,0,1,SLD2,SLD2
auto10@ebs.com,0,2228364,SPOT,LPLB,SLD2,5092,SLD2,EBSD,NZD,EUR,,,,,999000000000,1,0,1,SLD2,SLD2
auto10@ebs.com,0,2228368,SPOT,LPLA,SLD3,5093,SLD2,EBSD,ZAR,EUR,,,,,999000000000,1,0,1,SLD3,SLD2
auto10@ebs.com,0,2228368,SPOT,LPLB,SLD3,5093,SLD2,EBSD,ZAR,EUR,,,,,999000000000,1,0,1,SLD3,SLD2
auto10@ebs.com,0,196745,SPOT,LPLA,SLD3,5093,SLD2,EBSD,JPY,AUD,,,,,999000000000,1,0,1,SLD3,SLD2
auto10@ebs.com,0,196745,SPOT,LPLB,SLD3,5093,SLD2,EBSD,JPY,AUD,,,,,999000000000,1,0,1,SLD3,SLD2
auto10@ebs.com,0,1900737,SPOT,LPLB,SLD3,5093,SLD2,EBSD,TRY,USD,,,,,999000000000,1,0,1,SLD3,SLD2
auto10@ebs.com,0,1900737,SPOT,LPLA,SLD3,5093,SLD2,EBSD,TRY,USD,,,,,999000000000,1,0,1,SLD3,SLD2
auto10@ebs.com,0,2228360,SPOT,LPLA,SLD3,5093,SLD2,EBSD,HKD,EUR,,,,,999000000000,1,0,1,SLD3,SLD2
auto10@ebs.com,0,2228360,SPOT,LPLB,SLD3,5093,SLD2,EBSD,HKD,EUR,,,,,999000000000,1,0,1,SLD3,SLD2
auto10@ebs.com,0,196739,SPOT,LPLB,SLD3,5093,SLD2,EBSD,CAD,AUD,,,,,999000000000,1,0,0,SLD3,SLD2
auto10@ebs.com,0,196739,SPOT,LPLA,SLD3,5093,SLD2,EBSD,CAD,AUD,,,,,999000000000,1,0,0,SLD3,SLD2
auto10@ebs.com,0,196739,SPOT,LPRK,SLD3,5093,SLD2,EBSD,CAD,AUD,,,,,999000000000,0,1,0,SLD3,SLD2
auto10@ebs.com,0,196739,SPOT,LPRM,SLD3,5093,SLD2,EBSD,CAD,AUD,,,,,999000000000,0,1,0,SLD3,SLD2