ID,FP_INSTITUTION_KEY,DOMAIN_ID,EXEC_ID,EFP_EXEC_SIDE,GENERATION,LEG_TYPE,COMPOSITE,TICKET_TYPE,TXN_TIME,ECP_EXEC_ID,INSTR_SEC_ID,INSTR_SYMBOL,INSTR_PRODUCT_TYPE,MARKET_SEGMENT,ECN,ALGO_TYPE,TENOR_TYPE,TENOR_VALUE,DATE_SETTLEMENT,DATE_MATURITY,TRADE_DATE,SPOT_SETTL_DATE,IS_TERM_CCY,CCY_DEALT,CCY_CONTRA,QTY_DEALT,QTY_DEALT_EXP,QTY_CNTR,QTY_CNTR_EXP,PX_SWAP_POINTS,PX_SWAP_POINTS_EXP,PX_ALLIN,PX_EXP,PX_BD_BASE,PX_BD_TRADER,PX_BD_SALES,PX_BD_ECOM,PX_BD_VENUE,PX_BD_EXP,PX_SPOT_ALLIN,PX_SPOT_EXP,PX_SPOT_BD_BASE,PX_SPOT_BD_TRADER,PX_SPOT_BD_SALES,PX_SPOT_BD_ECOM,PX_SPOT_BD_VENUE,PX_SPOT_BD_EXP,PX_FWDP_ALLIN,PX_FWDP_EXP,PX_FWDP_BD_BASE,PX_FWDP_BD_TRADER,PX_FWDP_BD_SALES,PX_FWDP_BD_ECOM,PX_FWDP_BD_VENUE,PX_FWDP_BD_EXP,PX_PRIME_SPREAD,PX_PRIME_SPREAD_EXP,PX_EFFECTIVE,PX_EFFECTIVE_EXP,FP_EXEC_SIDE,FP_SIDE,FP_ROLE,FP_ACCOUNT,FP_FLOOR_KEY,FP_FLOOR,FP_TRADER,FP_INSTITUTION,FP_LEI,FP_BIC,FP_CLIENT,FP_SI_TYPE,FP_SI_CCY,FP_SI_CODE,FP_SI_BANK,FP_SI_BANK_BIC,FP_SI_BANK_ACC,FP_SI_BANK_ACC_NAME,FP_SI_IBAN,FP_SI_BANK_LOCATION,FP_SI_BANK_CITYCODE,CP_ROLE,CP_ACCOUNT,CP_FLOOR_KEY,CP_FLOOR,CP_TRADER,CP_INSTITUTION,CP_INSTITUTION_KEY,CP_LEI,CP_BIC,CP_CLIENT,CP_SI_TYPE,CP_SI_CODE,CP_SI_CCY,CP_SI_BANK,CP_SI_BANK_BIC,CP_SI_BANK_ACC,CP_SI_BANK_ACC_NAME,CP_SI_IBAN,CP_SI_BANK_LOCATION,CP_SI_BANK_CITYCODE,EFP_EBS_ORDER_ID,EFP_ORDER_ID,EFP_ROLE,EFP_ACCOUNT,EFP_FLOOR_KEY,EFP_FLOOR,EFP_TRADER,EFP_INSTITUTION,EFP_INSTITUTION_KEY,EFP_LEI,EFP_BIC,EFP_CLIENT,ECP_ORDER_ID,ECP_ROLE,ECP_ACCOUNT,ECP_FLOOR_KEY,ECP_FLOOR,ECP_TRADER,ECP_INSTITUTION,ECP_INSTITUTION_KEY,ECP_LEI,ECP_BIC,ECP_CLIENT,ACCESS_METHOD,ORD_SUBMITTER_TYPE,ORD_SUBMITTER_SOURCE,END_DATE,AUDIT_ID,EFP_EXEC_ID,TRADE_TYPE,POINTS_EXP,LEGACY_TICKET_ID,UDF_DESIGNATED_FUND,ENP_USER,ENP_TRADER,ENP_INSTITUTION,ENP_INSTITUTION_KEY,FUID,LEG_INSTR_PRODUCT_TYPE
'9E4C-B5E0-FC4D-22-100000',1227,0, '9E4C-B5E0-FC4D-22', 'T', '0', '0', '0',0,1.47E+12, '46848974_5',2.83E+11, 'EUR/USD',2,4,2,4,1,1,1.47E+12, null,1.47E+12,1.47E+12,0, 'EUR', 'USD',300000000,-2,337992000,-2, null, null,112664000,-8, null, null, null, null, null, null,112660,-5, null, null, null, null, null, null,4000,-8, null, null, null, null, null, null, null, null,112664000,-8, 'T',1, 'E', 'LCLD',4393, 'LCLD', 'SG1', 'SPR1', null, 'LCLDLCLD', null,0, 'USD', null, null, null, null, null, null, null, null, 'A', 'LPRJ',4163, 'LPRJ', null, 'LPRJ',886, null, 'LPRJLPRJ', null,0, null, 'EUR', null, null, null, null, null, null, null, '2300-D600-0071', 'AG1-1468933248941-14', 'E', 'LCLD',4393, 'LCLD', 'AG1', 'SPR1',1227, null, 'LCLDLCLD', null, 'qte.85', 'C', 'LPRJ',4198, 'R4JA', null, 'LPRJ',886, null, 'R4JAR4JA', null,5, 'Manual', 'Sapphire',1.47E+12,6241, null,1,-4, null, null, 'alex1@ebs.com', 'AG1', 'SPR1',1227,3831,2
'6771-A7E0-1D4D-22-100000',1227,0, '6771-A7E0-1D4D-22', 'T', '0', '0', '0',0,1.47E+12, '46931392_8',2.83E+11, 'EUR/USD',2,4,2,4,1,1,1.47E+12, null,1.47E+12,1.47E+12,1, 'USD', 'EUR',300000000,-2,266278492,-2, null, null,112664000,-8, null, null, null, null, null, null,112660,-5, null, null, null, null, null, null,4000,-8, null, null, null, null, null, null, null, null,112664000,-8, 'T',0, 'E', 'LCRF',4157, 'LCRF', 'SG1', 'SPR1', null, 'LCRFLCRF', null,0, 'USD', null, null, null, null, null, null, null, null, 'A', 'LPRJ',4163, 'LPRJ', null, 'LPRJ',886, null, 'LPRJLPRJ', null,0, null, 'EUR', null, null, null, null, null, null, null, '2300-D600-0074', 'AG1-1468933331352-17', 'E', 'LCRF',4157, 'LCRF', 'AG1', 'SPR1',1227, null, 'LCRFLCRF', null, 'qte.97', 'C', 'LPRJ',4198, 'R4JA', null, 'LPRJ',886, null, 'R4JAR4JA', null,5, 'Manual', 'Sapphire',1.47E+12,6242, null,1,-4, null, null, 'alex1@ebs.com', 'AG1', 'SPR1',1227,3349,2
'8C60-1BE0-4D4D-22-100000',1227,0, '8C60-1BE0-4D4D-22', 'T', '0', '0', '0',0,1.47E+12, '46768467_3',2228367, 'EUR/USD',0,3,2,2,12,1,1.47E+12, null,1.47E+12,1.47E+12,1, 'USD', 'EUR',500000000,-2,443813243,-2, null, null,112660,-5, null, null, null, null, null, null, null, null, null, null, null, null, null, null, null, null, null, null, null, null, null, null, null, null,112660,-5, 'T',0, 'E', 'LCLB',4393, 'LCLD', 'SG1', 'SPR1', null, 'LCLBLCLB', null,0, 'USD', null, null, null, null, null, null, null, null, 'A', 'LPRJ',4163, 'LPRJ', null, 'LPRJ',886, null, 'LPRJLPRJ', null,0, null, 'EUR', null, null, null, null, null, null, null, '2300-D600-006F', 'AG1-1468933168428-12', 'E', 'LCLB',3994, 'LCLB', 'AG1', 'SPR1',1227, null, 'LCLBLCLB', null, 'qte.81', 'C', 'LPRJ',4198, 'R4JA', null, 'LPRJ',886, null, 'R4JAR4JA', null,5, 'Manual', 'Sapphire',1.47E+12,6244, null,1, null, null, null, 'alex1@ebs.com', 'AG1', 'SPR1',1227,959,0
'4A5B-6CE0-6D4D-22-100001',1227,0, '4A5B-6CE0-6D4D-22', 'T', '0', '1', '0',0,1.47E+12, '44335627_6',1114448, 'USD/CAD',3,4,2,4,12,0,1.47E+12, null,1.47E+12,1.47E+12,0, 'USD', 'CAD',11,5,118327000,-2,50000,-8,107570000,-8, null, null, null, null, null, null,10757,-4, null, null, null, null, null, null,0,-4, null, null, null, null, null, null, null, null,107570000,-8, 'T',1, 'E', 'LCLD',4157, 'LCRF', 'SG1', 'SPR1', null, 'LCLDLCLD', null,0, 'CAD', null, null, null, null, null, null, null, null, 'A', 'LPRL',4165, 'LPRL', 'FWC', 'LPRL',888, null, 'LPRLLPRL', null,0, null, 'USD', null, null, null, null, null, null, null, '0500-6000-000E', 'NOS-24b5b405-e3e0-4f80-8ff0-746c28ec7675', 'E', 'LCLD',4393, 'LCLD', 'FWF', 'SPR1',1227, null, 'LCLDLCLD', null, null, 'C', 'LPRL',4199, 'R4LA', 'FWC', 'LPRL',888, null, 'R4LAR4LA', null,6, 'Manual', 'MyT',1.47E+12,6245, null,1,-4, null, null, null, 'FWF', 'SPR1',1227,3832,0
