{
    "minimumTimeToSleep":{
      "after":{
        "click": 0.5
      }
    },
    "windowSize": [
      {"x": 800, "y": 600},
      {"x": 1024, "y": 768},
      {"x": 1280, "y": 768},
      {"x": 1600, "y": 900},
      {"x": 1600, "y": 1200},
      {"x": 1920, "y": 1080},
      {"x": 1920, "y": 1280},
      {"x": 2048, "y": 1152},
      {"x": 2560, "y": 1440},
      {"x": 2736, "y": 1824},
      {"x": 2048, "y": 1152},
      {"x": 2800, "y": 2100}
    ],

    "lpsWithDatepicker": {
        "OT": "oldDatepicker",
        "SW": "newDatepicker"
    },
	"floorsToExclude": [ "LCLB" ],
	"defaultValues": {
	    "ccy": "EUR/USD",
		"floor": "LCRF",
		"lp": "SW",
		"nonTrading": "non_trading_dates",
		"trading": "trading_dates",
        "settingsLine": {
            "general": "settings_general_line",
            "liquiditySources": "settings_liquiditySources_line"
        }
    },
    "dealsColumnsInColumnPickerRelatedToMoreThanOneColumn": {
      "Dealt": ["Dealt Amt", "Dealt Ccy"],
      "Contra": ["Contra Amt", "Contra Ccy"]
    },

    "allowed": {
        "lpsOnDB": ["SP", "OT", "SW", "NDF", "NSF"],
         "columns": {
           "dealsHeader": ["Deal Date/Time", "Pair", "Exe.Cpty", "Cpty", "B/S", "Tenor", "Val Date",
             "Dealt Amt", "Dealt Ccy", "Contra Amt", "Contra Ccy", "Price", "Trade Date",
             "Ticket", "Deal ID", "Prd", "Floor", "TID", "ECN", "Segment"],
           "dealsHeaderForMslTests": ["Deal Date/Time", "Pair", "Exe.Cpty", "Cpty", "B/S", "Val Date",
             "Dealt Amt", "Dealt Ccy", "Contra Amt", "Contra Ccy", "Price", "Trade Date",
             "Ticket", "Deal ID", "Prd", "Order ID", "ECN"],
           "reportsPage": ["Deal Date/Time", "Pair", "Exe.Cpty", "Cpty", "B/S", "Tenor", "Val Date",
             "Dealt Ccy", "Contra Ccy", "Dealt Amt", "Contra Amt", "Price", "Fwd pts", "SW pts",
             "Trade Date", "Ticket", "Deal ID", "Prd", "Floor", "Fund", "TID", "ECN", "Segment",
             "M/T", "Cpty TID", "Fixing Date", "Order ID"]
         },
        "searchableColumns": {
            "reportsPage": ["Pair", "Exe.Cpty", "B/S", "Tenor", "Dealt", "Contra", "Prd", "Floor", "TID" ,
                            "ECN", "Segment"]
        },
        "dealsProperties": {
            "reportsPage": {
              "Deal Date/Time": "dealDateTime", "Pair": "pair", "Exe.Cpty": "exeCpty", "Cpty": "cpty",
              "B/S": "bs", "Tenor": "tenor", "Val Date": "valDate", "Dealt": "dealt", "Contra": "contraCcy",
              "Dealt Amt": "dealtAmt", "Contra Amt": "contraCcy", "Price": "price", "Trade Date": "tradeDate",
              "Ticket": "ticketId", "Deal ID": "id", "Prd": "productType", "Floor": "floor", "TID": "traderId",
              "ECN": "ecn", "Segment": "segment"
            }
        },
         "tenorsInDatePicker": {
             "LCLB": ["TOM", "SPOT", "1Wk", "2Wk"],
             "LCLD": ["TOD", "TOM", "SPOT", "1Wk", "2Wk", "3Wk", "1Mth", "2Mth", "3Mth", "4Mth", "5Mth", "6Mth",
                      "9Mth", "12Mth", "15Mth", "18Mth", "24Mth"],
             "LCRF": ["TOD", "TOM", "SPOT", "1Wk", "2Wk", "3Wk", "1Mth", "2Mth", "3Mth", "4Mth", "5Mth", "6Mth",
                      "9Mth", "12Mth", "15Mth", "18Mth", "24Mth"]
         },

        "tenorsInMenu": {
		  "90112": ["15Mth", "18Mth", "IMM1"],
          "130048": ["6Mth", "9Mth", "12Mth", "15Mth", "18Mth", "24Mth", "IMM1"],
          "130816": ["4Mth", "5Mth",
                    "6Mth", "9Mth", "12Mth", "15Mth", "18Mth", "24Mth", "IMM1"],
          "131056": ["3Wk", "1Mth", "2Mth", "3Mth", "4Mth", "5Mth",
                    "6Mth", "9Mth", "12Mth", "15Mth", "18Mth", "24Mth", "IMM1"],
          "131068": ["1Wk", "2Wk", "3Wk", "1Mth", "2Mth", "3Mth", "4Mth", "5Mth",
                    "6Mth", "9Mth", "12Mth", "15Mth", "18Mth", "24Mth", "IMM1"],
          "131069": ["TOD", "1Wk", "2Wk", "3Wk", "1Mth", "2Mth", "3Mth", "4Mth", "5Mth",
                    "6Mth", "9Mth", "12Mth", "15Mth", "18Mth", "24Mth", "IMM1"],
          "131070": ["TOM", "1Wk", "2Wk", "3Wk", "1Mth", "2Mth", "3Mth", "4Mth", "5Mth",
                    "6Mth", "9Mth", "12Mth", "15Mth", "18Mth", "24Mth", "IMM1"],
          "131071": ["TOM", "1Wk", "2Wk", "3Wk", "1Mth", "2Mth", "3Mth", "4Mth", "5Mth",
                    "6Mth", "9Mth", "12Mth", "15Mth", "18Mth", "24Mth", "IMM1"],
          "131102": ["T/N", "S/N", "1Wk", "2Wk", "IMM1", "More..."],
          "131199": ["O/N", "T/N", "S/N", "1Wk", "2Wk", "3Wk", "1Mth", "IMM1", "More..."],
          "131583": ["O/N", "T/N", "S/N", "1Wk", "2Wk", "3Wk", "1Mth", "2Mth", "3Mth", "IMM1", "More..."],
          "133116": ["S/N", "1Wk", "2Wk", "3Wk", "1Mth", "2Mth", "3Mth", "4Mth", "5Mth", "IMM1", "More..."],
          "133119": ["O/N", "T/N", "S/N", "1Wk", "2Wk", "3Wk", "1Mth", "2Mth", "3Mth", "4Mth", "5Mth", "IMM1", "More..."],
          "262140": ["S/N", "1Wk", "2Wk", "3Wk", "1Mth", "2Mth", "3Mth", "4Mth", "5Mth","6Mth", "9Mth", "12Mth", "15Mth",
                      "18Mth", "24Mth", "IMM1", "More..."],
          "262141": ["O/N", "S/N", "1Wk", "2Wk", "3Wk", "1Mth", "2Mth", "3Mth", "4Mth", "5Mth","6Mth", "9Mth", "12Mth",
                      "15Mth", "18Mth", "24Mth", "IMM1", "More..."],
		  "262143": ["O/N", "T/N", "S/N", "1Wk", "2Wk", "3Wk", "1Mth", "2Mth", "3Mth", "4Mth", "5Mth","6Mth", "9Mth",
                      "12Mth", "15Mth", "18Mth", "24Mth", "IMM1", "More..."],
          "66046": ["TOM", "1Wk", "2Wk", "3Wk", "1Mth", "2Mth", "3Mth", "4Mth", "IMM1"],
          "66048": [],
		  "67583": ["TOD", "TOM", "1Wk", "2Wk", "3Wk", "1Mth", "2Mth", "3Mth", "4Mth", "5Mth", "6Mth", "IMM1"],
          "maximumAllowed": ["O/N", "T/N", "S/N", "1Wk", "2Wk", "3Wk", "1Mth", "2Mth", "3Mth",
                              "4Mth", "5Mth","6Mth", "9Mth", "12Mth", "15Mth", "18Mth", "24Mth",
                              "IMM1", "More..."]
        },

         "settings": {
             "general": {
                "ConfirmOnSend": "on",
                "AutoClearAfter": "off",
                "InactiveTimeout": "off"
             },
             "liquiditySources": {
				"ABC1": "on",
                "ABC2": "on",
                "ARKA": "on",
                "Acc1": "on",
                "Acc2": "on",
                "Acc4": "on",
                "Acc6": "on",
                "Acc7": "on",
                "Aff1": "on",
                "Aff2": "on",
                "C1TC": "on",
                "C1TD": "on",
                "EMSQ": "on",
                "LP32": "on",
                "LP33": "on",
                "LPE2": "on",
                "LPLA": "on",
                "LPLB": "on",
                "LPLK": "on",
                "LPLL": "on",
                "LPP1": "on",
                "LPP2": "on",
                "LPRI": "on",
                "LPRJ": "on",
                "LPRK": "on",
                "LPRL": "on",
                "LPRM": "on",
                "LPTA": "on",
                "LPTB": "on",
                "LPTC": "on",
                "LPTL": "on",
                "LPU1": "on",
                "LSQ1": "on",
                "N1MA": "on",
                "N1MC": "on",
                "N1MD": "on",
                "RC59": "on",
                "RL11": "on",
                "RL12": "on",
                "RT01": "on",
                "RT02": "on",
                "RT04": "on",
                "SBJ1": "on",
                "SBJ3": "on",
                "UTQ1": "on",
                "Z4MA": "on",
                "Z4MB": "on",
                "ZBBI": "on",
                "ZRBC": "on",
                "ZZ11": "on",
                "ZZ13": "on",
                "ZZ14": "on"
             }
         }
    },

    "tenorsExpectedResults": {
        "EUR/USD": [
            {"near": "TOD", "far": "TOM" , "expectedResult": "O/N"      },
            {"near": "TOD", "far": "SPOT", "expectedResult": "TOD/SPOT" },
            {"near": "TOM", "far": "SPOT", "expectedResult": "T/N"      }
        ],

         "EUR/RUB": [
            {"near": "SPOT", "far": "1Wk", "expectedResult": "1Wk"},
            {"near": "1Wk" , "far": "2Wk", "expectedResult": "1Wk/2Wk"}
         ],

         "EUR/CHF": [
            {"near": "TOD", "far": "TOM" , "expectedResult": "O/N"},
            {"near": "TOD", "far": "SPOT", "expectedResult": "TOD/SPOT"}
         ],

         "USD/TRY": [
            {"near": "SPOT", "far": "3Wk", "expectedResult": "3Wk"}
         ],

         "USD/CAD": [
            {"near": "SPOT", "far": "1Wk", "expectedResult": "1Wk"}
         ]
    },

    "tenorsDisabledFaliureResults": {
        "EUR/USD": [
            {"near": "3Mth", "far": "3Mth"}
        ],
        "USD/JPY": [
            {"near": "5Mth", "far": "5Mth"}
        ]
    },

    "ccysToVerifyUiToDB": ["EUR/USD", "EUR/JPY", "USD/CHF"],
    "ccysUnsupported": ["CNY/HKD", "CNY/JPY", "CNY/SGD"]
}