{
  "CPTY": [
    {
      "active": true,
      "disclosed": true,
      "id": "LP33",
      "name": "LPS3",
      "region": "LN"
    },
    {
      "active": true,
      "disclosed": true,
      "id": "LPLA",
      "name": "Z4AB",
      "region": "LN"
    },
    {
      "active": true,
      "disclosed": true,
      "id": "LPLB",
      "name": "Z4BB",
      "region": "LN"
    },
    {
      "active": true,
      "disclosed": true,
      "id": "LPLK",
      "name": "LPLK",
      "region": "LN"
    },
    {
      "active": true,
      "disclosed": false,
      "id": "LPRK",
      "name": "CitiBank (LPRK)",
      "region": "LN"
    },
    {
      "active": true,
      "disclosed": false,
      "id": "LPRM",
      "name": "UBS (LPRM)",
      "region": "LN"
    }
  ],
  "floors": {
    "SLD2": {
      "EBSD": {
        "currency": {
          "AUD/CAD": "4284699032+0+0+0+0",
          "AUD/CHF": "4284699032+1776771386+0+0+0",
          "AUD/CNH": "2163898558+0+0+0+0",
          "AUD/HKD": "882809884+0+0+0+0",
          "AUD/JPY": "2047135962+1848973720+0+0+0",
          "AUD/NZD": "2047135962+4240352296+0+0+0",
          "AUD/USD": "2047135962+0+0+0+0",
          "CAD/JPY": "2047135962+0+0+0+0",
          "CHF/JPY": "2047135962+0+0+0+0",
          "CHF/NOK": "882809884+0+0+0+0",
          "CHF/SEK": "882809884+0+0+0+0",
          "CNH/JPY": "480611456+0+0+0+0",
          "CNY/HKD": "1882412981+0+0+0+0",
          "CNY/JPY": "1882412981+0+0+0+0",
          "CNY/SGD": "1882412981+0+0+0+0",
          "EUR/AUD": "1585481336+0+0+0+0",
          "EUR/CAD": "1585481336+0+0+0+0",
          "EUR/CHF": "1585481336+0+0+0+0",
          "EUR/CNH": "2047135962+0+0+0+0",
          "EUR/CZK": "2047135962+0+0+0+0",
          "EUR/DKK": "2047135962+0+0+0+0",
          "EUR/GBP": "2047135962+0+0+0+0",
          "EUR/HKD": "882809884+0+0+0+0",
          "EUR/HUF": "2246467381+0+0+0+0",
          "EUR/ILS": "882809884+0+0+0+0",
          "EUR/JPY": "2047135962+0+0+0+0",
          "EUR/MXN": "882809884+0+0+0+0",
          "EUR/NOK": "2047135962+0+0+0+0",
          "EUR/NZD": "2047135962+0+0+0+0",
          "EUR/PLN": "2047135962+0+0+0+0",
          "EUR/RON": "882809884+0+0+0+0",
          "EUR/RUB": "1929115895+0+1829343578+0+0",
          "EUR/SEK": "2047135962+1776771386+2346419363+0+0",
          "EUR/SGD": "882809884+0+0+0+0",
          "EUR/THB": "882809884+0+0+0+0",
          "EUR/TRY": "882809884+0+1584774001+0+0",
          "EUR/USD": "1585481336+1776771386+2346419363+0+0",
          "EUR/ZAR": "882809884+0+0+0+0",
          "GBP/AUD": "2047135962+0+0+0+0",
          "GBP/CAD": "2047135962+0+0+0+0",
          "GBP/CHF": "2047135962+0+0+0+0",
          "GBP/CZK": "882809884+0+0+0+0",
          "GBP/DKK": "882809884+0+0+0+0",
          "GBP/HUF": "882809884+0+0+0+0",
          "GBP/JPY": "2047135962+0+0+0+0",
          "GBP/NOK": "882809884+0+0+0+0",
          "GBP/NZD": "2047135962+0+0+0+0",
          "GBP/PLN": "882809884+0+0+0+0",
          "GBP/RON": "882809884+0+0+0+0",
          "GBP/RUB": "882809884+0+0+0+0",
          "GBP/SEK": "882809884+0+0+0+0",
          "GBP/USD": "2047135962+0+0+0+0",
          "HKD/JPY": "882809884+0+0+0+0",
          "NOK/SEK": "882809884+0+0+0+0",
          "NZD/CAD": "2047135962+0+0+0+0",
          "NZD/JPY": "2047135962+0+0+0+0",
          "NZD/USD": "2047135962+0+0+0+0",
          "SGD/CNH": "882809884+0+0+0+0",
          "USD/CAD": "1929115895+0+0+0+0",
          "USD/CHF": "2047135962+0+0+0+0",
          "USD/CNH": "2047135962+0+0+0+0",
          "USD/CZK": "882809884+0+0+0+0",
          "USD/DKK": "882809884+0+0+0+0",
          "USD/HKD": "2047135962+0+0+0+0",
          "USD/HUF": "882809884+0+0+0+0",
          "USD/ILS": "2047135962+0+0+0+0",
          "USD/JPY": "2047135962+0+0+0+0",
          "USD/MXN": "2047135962+0+0+0+0",
          "USD/NOK": "2047135962+0+0+0+0",
          "USD/PLN": "2047135962+0+0+0+0",
          "USD/RON": "882809884+0+0+0+0",
          "USD/RUB": "1929115895+0+0+0+0",
          "USD/SEK": "2047135962+0+0+0+0",
          "USD/SGD": "2047135962+0+0+0+0",
          "USD/THB": "882809884+0+0+0+0",
          "USD/TRY": "1929115895+0+0+0+0",
          "USD/WMT": "882809884+0+0+0+0",
          "USD/ZAR": "2047135962+1776771386+2346419363+0+0",
          "WMT/JPY": "2066774676+0+0+0+0",
          "ZAR/JPY": "882809884+0+0+0+0"
        }
      },
      "accountID": "SLD2",
      "displayName": null,
      "funds": [],
      "institution": "SLD2"
    },
    "SLD3": {
      "EBSD": {
        "currency": {
          "AUD/CAD": "2780412391+1776771386+2346419363+0+0",
          "AUD/CHF": "4284699032+0+0+0+0",
          "AUD/CNH": "2163898558+0+0+0+0",
          "AUD/HKD": "882809884+0+0+0+0",
          "AUD/JPY": "2047135962+0+0+0+0",
          "AUD/NZD": "2047135962+0+0+0+0",
          "AUD/USD": "2047135962+0+0+0+0",
          "CAD/JPY": "2047135962+0+0+0+0",
          "CHF/JPY": "2047135962+0+0+0+0",
          "CHF/NOK": "882809884+0+0+0+0",
          "CHF/SEK": "882809884+0+0+0+0",
          "CNH/JPY": "480611456+0+0+0+0",
          "CNY/HKD": "1882412981+0+0+0+0",
          "CNY/JPY": "1882412981+0+0+0+0",
          "CNY/SGD": "1882412981+0+0+0+0",
          "EUR/AUD": "2047135962+0+0+0+0",
          "EUR/CAD": "2047135962+0+0+0+0",
          "EUR/CHF": "2047135962+0+0+0+0",
          "EUR/CNH": "2047135962+0+0+0+0",
          "EUR/CZK": "2047135962+0+0+0+0",
          "EUR/DKK": "2047135962+0+0+0+0",
          "EUR/GBP": "2047135962+0+0+0+0",
          "EUR/HKD": "882809884+0+0+0+0",
          "EUR/HUF": "2246467381+0+0+0+0",
          "EUR/ILS": "882809884+0+0+0+0",
          "EUR/JPY": "2047135962+0+0+0+0",
          "EUR/MXN": "882809884+0+0+0+0",
          "EUR/NOK": "2047135962+0+0+0+0",
          "EUR/NZD": "2047135962+0+0+0+0",
          "EUR/PLN": "2047135962+0+0+0+0",
          "EUR/RON": "882809884+0+0+0+0",
          "EUR/RUB": "1929115895+0+0+0+0",
          "EUR/SEK": "2047135962+0+0+0+0",
          "EUR/SGD": "882809884+0+0+0+0",
          "EUR/THB": "882809884+0+0+0+0",
          "EUR/TRY": "882809884+0+0+0+0",
          "EUR/USD": "2047135962+0+2346419363+0+0",
          "EUR/ZAR": "882809884+0+0+0+0",
          "GBP/AUD": "2047135962+0+0+0+0",
          "GBP/CAD": "2047135962+0+0+0+0",
          "GBP/CHF": "2047135962+0+0+0+0",
          "GBP/CZK": "882809884+0+0+0+0",
          "GBP/DKK": "882809884+0+0+0+0",
          "GBP/HUF": "882809884+0+0+0+0",
          "GBP/JPY": "2047135962+0+0+0+0",
          "GBP/NOK": "882809884+0+0+0+0",
          "GBP/NZD": "2047135962+0+0+0+0",
          "GBP/PLN": "882809884+0+0+0+0",
          "GBP/RON": "882809884+0+0+0+0",
          "GBP/RUB": "882809884+0+0+0+0",
          "GBP/SEK": "882809884+0+0+0+0",
          "GBP/USD": "2047135962+0+0+0+0",
          "HKD/JPY": "882809884+0+0+0+0",
          "NOK/SEK": "882809884+0+0+0+0",
          "NZD/CAD": "2047135962+0+0+0+0",
          "NZD/JPY": "2047135962+0+0+0+0",
          "NZD/USD": "2047135962+0+0+0+0",
          "SGD/CNH": "882809884+0+0+0+0",
          "USD/CAD": "1929115895+0+0+0+0",
          "USD/CHF": "2047135962+0+0+0+0",
          "USD/CNH": "2047135962+0+0+0+0",
          "USD/CZK": "882809884+0+0+0+0",
          "USD/DKK": "882809884+0+0+0+0",
          "USD/HKD": "2047135962+0+0+0+0",
          "USD/HUF": "882809884+0+0+0+0",
          "USD/ILS": "2047135962+0+0+0+0",
          "USD/JPY": "2047135962+0+0+0+0",
          "USD/MXN": "2047135962+0+0+0+0",
          "USD/NOK": "2047135962+0+0+0+0",
          "USD/PLN": "2047135962+0+0+0+0",
          "USD/RON": "882809884+0+0+0+0",
          "USD/RUB": "1929115895+0+0+0+0",
          "USD/SEK": "2047135962+0+0+0+0",
          "USD/SGD": "2047135962+0+0+0+0",
          "USD/THB": "882809884+0+0+0+0",
          "USD/TRY": "1929115895+0+0+0+0",
          "USD/WMT": "882809884+0+0+0+0",
          "USD/ZAR": "2047135962+1776771386+2346419363+0+0",
          "WMT/JPY": "2066774676+0+0+0+0",
          "ZAR/JPY": "882809884+0+0+0+0"
        }
      },
      "accountID": "SLD3",
      "displayName": null,
      "funds": [],
      "institution": "SLD2"
    }
  },
  "pairsProducts": {
    "1585481336+0+0+0+0": [
      "1585481336",
      null,
      null,
      null,
      null
    ],
    "1585481336+1776771386+2346419363+0+0": [
      "1585481336",
      "1776771386",
      "2346419363",
      null,
      null
    ],
    "1882412981+0+0+0+0": [
      "1882412981",
      null,
      null,
      null,
      null
    ],
    "1929115895+0+0+0+0": [
      "1929115895",
      null,
      null,
      null,
      null
    ],
    "1929115895+0+1829343578+0+0": [
      "1929115895",
      null,
      "1829343578",
      null,
      null
    ],
    "2047135962+0+0+0+0": [
      "2047135962",
      null,
      null,
      null,
      null
    ],
    "2047135962+0+2346419363+0+0": [
      "2047135962",
      null,
      "2346419363",
      null,
      null
    ],
    "2047135962+1776771386+2346419363+0+0": [
      "2047135962",
      "1776771386",
      "2346419363",
      null,
      null
    ],
    "2047135962+1848973720+0+0+0": [
      "2047135962",
      "1848973720",
      null,
      null,
      null
    ],
    "2047135962+4240352296+0+0+0": [
      "2047135962",
      "4240352296",
      null,
      null,
      null
    ],
    "2066774676+0+0+0+0": [
      "2066774676",
      null,
      null,
      null,
      null
    ],
    "2163898558+0+0+0+0": [
      "2163898558",
      null,
      null,
      null,
      null
    ],
    "2246467381+0+0+0+0": [
      "2246467381",
      null,
      null,
      null,
      null
    ],
    "2780412391+1776771386+2346419363+0+0": [
      "2780412391",
      "1776771386",
      "2346419363",
      null,
      null
    ],
    "4284699032+0+0+0+0": [
      "4284699032",
      null,
      null,
      null,
      null
    ],
    "4284699032+1776771386+0+0+0": [
      "4284699032",
      "1776771386",
      null,
      null,
      null
    ],
    "480611456+0+0+0+0": [
      "480611456",
      null,
      null,
      null,
      null
    ],
    "882809884+0+0+0+0": [
      "882809884",
      null,
      null,
      null,
      null
    ],
    "882809884+0+1584774001+0+0": [
      "882809884",
      null,
      "1584774001",
      null,
      null
    ],
    "XXX": [
      "XXX1",
      null,
      null,
      null,
      null
    ]
  },
  "productEntitlements": {
    "1584774001": {
      "pm": 24,
      "qtyMaxEsp": 999000000000,
      "qtyMaxRfq": 999000000000,
      "swapLeg": [
        131071,
        0
      ],
      "tenors": [
        262143,
        0
      ]
    },
    "1585481336": {
      "pm": 23,
      "qtyMaxEsp": 999000000000,
      "qtyMaxRfq": 999000000000,
      "tenors": [
        0,
        0
      ]
    },
    "1776771386": {
      "pm": 24,
      "qtyMaxEsp": 999000000000,
      "qtyMaxRfq": 999000000000,
      "tenors": [
        131071,
        0
      ]
    },
    "1829343578": {
      "pm": 24,
      "qtyMaxEsp": 999000000000,
      "qtyMaxRfq": 999000000000,
      "swapLeg": [
        131069,
        0
      ],
      "tenors": [
        262141,
        0
      ]
    },
    "1848973720": {
      "pm": 24,
      "qtyMaxEsp": 999000000000,
      "qtyMaxRfq": 999000000000,
      "tenors": [
        130048,
        0
      ]
    },
    "1882412981": {
      "pm": 7,
      "qtyMaxEsp": 999000000000,
      "qtyMaxRfq": 999000000000,
      "tenors": [
        0,
        0
      ]
    },
    "1929115895": {
      "pm": 7,
      "qtyMaxEsp": 999000000000,
      "qtyMaxRfq": 999000000000,
      "tenors": [
        0,
        0
      ]
    },
    "2047135962": {
      "pm": 7,
      "qtyMaxEsp": 999000000000,
      "qtyMaxRfq": 999000000000,
      "tenors": [
        0,
        0
      ]
    },
    "2066774676": {
      "pm": 3,
      "qtyMaxEsp": 999000000000,
      "qtyMaxRfq": 999000000000,
      "tenors": [
        0,
        0
      ]
    },
    "2163898558": {
      "pm": 4,
      "qtyMaxEsp": 999000000000,
      "qtyMaxRfq": 999000000000,
      "tenors": [
        0,
        0
      ]
    },
    "2246467381": {
      "pm": 7,
      "qtyMaxEsp": 999000000000,
      "qtyMaxRfq": 999000000000,
      "tenors": [
        0,
        0
      ]
    },
    "2346419363": {
      "pm": 24,
      "qtyMaxEsp": 999000000000,
      "qtyMaxRfq": 999000000000,
      "swapLeg": [
        131071,
        0
      ],
      "tenors": [
        262143,
        0
      ]
    },
    "2780412391": {
      "pm": 19,
      "qtyMaxEsp": 999000000000,
      "qtyMaxRfq": 999000000000,
      "tenors": [
        0,
        0
      ]
    },
    "4240352296": {
      "pm": 24,
      "qtyMaxEsp": 999000000000,
      "qtyMaxRfq": 999000000000,
      "tenors": [
        90112,
        0
      ]
    },
    "4284699032": {
      "pm": 3,
      "qtyMaxEsp": 999000000000,
      "qtyMaxRfq": 999000000000,
      "tenors": [
        0,
        0
      ]
    },
    "480611456": {
      "pm": 7,
      "qtyMaxEsp": 999000000000,
      "qtyMaxRfq": 999000000000,
      "tenors": [
        0,
        0
      ]
    },
    "882809884": {
      "pm": 7,
      "qtyMaxEsp": 999000000000,
      "qtyMaxRfq": 999000000000,
      "tenors": [
        0,
        0
      ]
    },
    "XXX1": {
      "pm": 3,
      "qtyMaxEsp": 999000000000,
      "qtyMaxRfq": 999000000000,
      "tenors": [
        1,
        0
      ]
    }
  }
}
