{
  "config": {},
  "defaults": {
    "env": {
      "NODE_ENV": "production",
      "MOUNT_DIRECTORY": "/export/home/nui2/sapphire_remote",
      "NODE_HOME": "/export/home/nui2/sapphire_remote/node/bin",
      "EBS_LOCAL_DIR": "/export/home/nui2/sapphire_local"
    }
  },
  "machines": {
    "MOCK": {
      "mock": {
        "command": "${NODE_HOME}/node",
        "args": [
          "${MOUNT_DIRECTORY}/backend/server/node_modules/ebs//test/helpers/gc/backend-mock.js",
          "-no-console-log",
          "-full-log"
        ],
        "env": {
          "SIM_DEBUG": false
        }
      }
    }
  }
}
