{
  "config": {
    "backend-node": {
      "data": {
        "controllerServer": {
          "bypassConfig": true,
          "endpoints": [
            {
              "host": "10.20.42.87",
              "port": 9100
            }
          ]
        },
        "monitor": {
          "agent": {
            "enabled": true
          }
        },
        "redis": {
          "authPass": "redis",
          "highAvailability": true,
          "haType": "multiple-redis",
          "host": "localhost",
          "port": 6379,
          "clientTimeout": 1000,
          "endpoints": [
            {
              "host": "10.20.42.87",
              "port": 6379
            },
            {
              "host": "10.20.42.87",
              "port": 6379
            }
          ]
        }
      }
    },
    "monitored-node": {
      "metaInfo": {
        "parent": "backend-node"
      },
      "data": {
        "monitor": {
          "agent": {
            "endpoints": [
              {
                "host": "10.20.42.87",
                "port": 9501
              }
            ]
          }
        },
        "diagnostics": {
          "logBuffer": true,
          "logBufferSize": 5000
        }
      }
    },
    "process-launcher": {
      "metaInfo": {
        "parent": "monitored-node"
      },
      "data": {}
    },
    "cloud-controller": {
      "metaInfo": {
        "parent": "backend-node"
      },
      "data": {
        "port": 9100,
        "idmLoginURL": "/idm",
        "controllerServer": {
          "data": {
            "disabled": true
          },
          "notificationMail": "DL_DEV_SAPPHIRE_PRODSUPPORT"
        },
        "mail": {
          "enabled": false,
          "sendmail": {
            "path": "/usr/sbin/sendmail"
          },
          "defaults": {
            "from": "sapphire-production@ebsbrokertec.com"
          }
        },
        "security": {
          "tokenMapping": {}
        },
        "monitor": {
          "server": {
            "tcpPort": 9501
          },
          "agent": {
            "endpoints": [
              {
                "host": "localhost",
                "port": 9501
              }
            ]
          }
        }
      }
    },
    "login-server": {
      "metaInfo": {
        "parent": "monitored-node"
      },
      "data": {
        "port": 9800,
        "tempTokenExpirationTimeSeconds": 30,
        "tokenExpirationTimeSeconds": 604800,
        "cookieDomain": "",
        "loginTypes": [
          {
            "loginType": "internal",
            "enabled": true,
            "attributes": {
              "domain": 0
            }
          }
        ],
        "proxy": {
          "target": [
            {
              "url": "https://10.20.42.87:9300",
              "domains": {
                "internal": "https://10.20.42.87:9300"
              }
            },
            {
              "url": "https://10.20.42.87:9300",
              "domains": {
                "internal": "https://10.20.42.87:9300"
              }
            }
          ]
        },
        "security": {
          "bypass": true
        }
      }
    },
    "diagnostics-server": {
      "metaInfo": {
        "parent": "monitored-node"
      },
      "data": {
        "diagnosticsPort": 9011
      }
    },
    "app-server": {
      "metaInfo": {
        "parent": "monitored-node"
      },
      "data": {
        "port": 9000,
        "remoteHTTPAdminPort": 9010,
        "region": "",
        "sessionStoreExpiration": 604800000,
        "idmLoginURL": "/idm",
        "whiteLabel": {},
        "staticDataVersion": 31,
        "postTradeSchemaVersion": 1,
        "cookieSecret": "sap-v1-secret",
        "sessionCookieName": "sap-express.sid",
        "maxSessionLoginTime": 600000,
        "enableSessionCleanup": true,
        "useRedisSessionStore": false,
        "pmdp": {
          "port": 4466,
          "workersCount": 10,
          "indicativeUser": "EBSC"
        },
        "order": {
          "port": 4477
        },
        "gc": {
          "market": {
            "host": "localhost",
            "port": 3022,
            "userName": "test",
            "password": "test",
            "heartbeatPerMessageCount": 50
          },
          "order": {
            "host": "localhost",
            "port": 3021,
            "userName": "test",
            "password": "test",
            "maxSubmitWaitTime": 500,
            "maxERWaitTime": 20000
          }
        },
        "postTrade": {
          "tickets": {
            "redis": {
              "authPass": "redis",
              "endpoints": [
                {
                  "host": "10.20.42.87",
                  "port": 6379
                },
                {
                  "host": "10.20.42.87",
                  "port": 6379
                }
              ]
            },
            "pdf": {
              "host": "10.20.31.39",
              "port": 8888
            }
          }
        },
        "ssl": {
          "enabled": false
        },
        "oracle": {
          "connectionData": {
            "tns": "(DESCRIPTION=(ADDRESS=(PROTOCOL=TCP)(HOST=10.20.42.50)(PORT=1521))(CONNECT_DATA=(SERVER=DEDICATED)(SERVICE_NAME=PTDB.am.icap.com)))",
            "user": "sapphire",
            "password": "sapphire"
          },
          "poolOptions": {
            "poolMax": 1500,
            "poolMin": 20
          }
        },
        "ui": {
          "verifyBrowser": true,
          "clientConfig": {
            "maxTabs": 6,
            "helpURL": "/help/Default.htm",
            "maxOrders": 50,
            "envType": "BETA 4",
            "debug": false,
            "orderReport": false
          }
        }
      }
    },
    "gc": {
      "data": {
        "server": {
          "queue": {
            "size": 128
          },
          "protocol": {
            "version": 1
          },
          "connect": {
            "timeout": {
              "connect": 10000,
              "read": 5000,
              "app": 10000,
              "heartbeat": {
                "value": 3000,
                "tolerance": 1000
              }
            }
          }
        },
        "log": {
          "severity": {
            "main": "DEBUG",
            "thread": "DEBUG"
          },
          "size": {
            "max": {
              "file": 100,
              "string": 8000
            }
          },
          "traffic": {
            "gc2gw": true,
            "gw2gc": true,
            "client2gc": true,
            "gc2client": true
          }
        },
        "md": {
          "state": {
            "subscription": {
              "maxGC": 3000,
              "maxGW": 2
            }
          },
          "update": {
            "interval": {
              "high": 250,
              "medium": 500,
              "low": 1000
            }
          }
        },
        "gw": {
          "protocol": {
            "version": 2,
            "username": "gateway",
            "password": "gateway1",
            "heartbeat": 2000
          },
          "connect": {
            "attempts": 1,
            "interval": 500
          }
        }
      }
    },
    "gc/market": {
      "metaInfo": {
        "parent": "gc"
      },
      "data": {
        "server": {
          "url": "//localhost:3022",
          "thread": {
            "count": 11
          }
        },
        "gw": {
          "session": {
            "type": "MD"
          }
        }
      }
    },
    "gc/orders": {
      "metaInfo": {
        "parent": "gc"
      },
      "data": {
        "server": {
          "url": "//localhost:3021",
          "thread": {
            "count": 2
          }
        },
        "gw": {
          "session": {
            "type": "ORDER"
          }
        }
      }
    },
    "gc/market/instance1": {
      "metaInfo": {
        "parent": "gc/market"
      },
      "data": {
        "server": {
          "id": 11,
          "protocol": {
            "compPrefix": "10.20.42.87-GCMD"
          }
        },
        "gw": {
          "urls": "//10.20.34.19:9000"
        }
      }
    },
    "gc/market/instance2": {
      "metaInfo": {
        "parent": "gc/market"
      },
      "data": {
        "server": {
          "id": 12,
          "protocol": {
            "compPrefix": "10.20.42.87-GCMD"
          }
        },
        "gw": {
          "urls": "//10.20.34.19:9000"
        }
      }
    },
    "gc/orders/instance1": {
      "metaInfo": {
        "parent": "gc/orders"
      },
      "data": {
        "server": {
          "id": 21,
          "protocol": {
            "compPrefix": "10.20.42.87-GCMD"
          }
        },
        "gw": {
          "urls": "//10.20.34.19:9000"
        }
      }
    },
    "gc/orders/instance2": {
      "metaInfo": {
        "parent": "gc/orders"
      },
      "data": {
        "server": {
          "id": 22,
          "protocol": {
            "compPrefix": "10.20.42.87-GCMD"
          }
        },
        "gw": {
          "urls": "//10.20.34.19:9000"
        }
      }
    }
  },
  "defaults": {
    "env": {
      "EBS_TRADING_APP": "Sapphire",
      "NODE_ENV": "production",
      "NODE_EBS_AUTH_TOKEN": "ccAuth",
      "MOUNT_DIRECTORY": "${EBS_USER_HOME}/sapphire_remote",
      "NODE_HOME": "${EBS_USER_HOME}/sapphire_remote/node/bin",
      "NODE_DEBUG": "simple-oracledb,EBS:TestAutomation-FULL,EBS:TestAutomation-VWAP,EBS:TestAutomation-LMT,EBS:TestAutomation-RFQ,EBS:TestAutomation-IND",
      "JAVA_HOME": "/usr/java/latest/bin",
      "REDIS_HOME": "${EBS_USER_HOME}/sapphire_remote/redis/src",
      "EBS_LOCAL_DIR": "${EBS_USER_HOME}/sapphire_local",
      "OCI_HOME": "/export/home/oracle/ora01/app/oracle/product/12.1.0/client_1/lib",
      "OCI_LIB_DIR": "/export/home/oracle/ora01/app/oracle/product/12.1.0/client_1/lib",
      "OCI_VERSION": "12",
      "NLS_LANG": "AMERICAN_AMERICA.UTF8",
      "LD_LIBRARY_PATH": "${LD_LIBRARY_PATH}:/export/home/oracle/ora01/app/oracle/product/12.1.0/client_1/lib"
    },
    "agent": {
      "enabled": true,
      "endpoints": [
        {
          "host": "10.20.42.87",
          "port": 9501
        }
      ]
    }
  },
  "machines": {
    "10.20.42.87": {
      "redis": {
        "command": "${REDIS_HOME}/redis-server",
        "args": [
          "${MOUNT_DIRECTORY}/env/ebs-redis.conf"
        ]
      },
      "diagnostics-server": {
        "command": "${NODE_HOME}/node --max-old-space-size=1800 --expose-gc",
        "args": [
          "${MOUNT_DIRECTORY}/backend/server/server/modules/diagnostics-server/app.js",
          "--AClogging.full=true",
          "--AClogging.noConsole=true",
          "--AClogging.performance=true"
        ],
        "env": {
          "NODE_AGENT_NAME": "diagnostics-server-1"
        },
        "externalConfig": "diagnostics-server",
        "agent": {
          "enabled": false
        }
      },
      "app-server": {
        "command": "${NODE_HOME}/node --max-old-space-size=1800 --expose-gc",
        "args": [
          "${MOUNT_DIRECTORY}/backend/server/server/app.js",
          "--AClogging.full=true",
          "--AClogging.noConsole=true",
          "--AClogging.performance=true"
        ],
        "env": {
          "EBS_WHITELABEL_RESOURCE_ROOT": "${MOUNT_DIRECTORY}/whitelabel/brand",
          "EBS_OPS_ENV_RESOURCE_ROOT": "${MOUNT_DIRECTORY}/ops_env",
          "NODE_AGENT_NAME": "app-server-1"
        },
        "externalConfig": "app-server",
        "agent": {
          "enabled": false
        }
      },
      "gc-market": {
        "command": "${JAVA_HOME}/java",
        "args": [
          "-server",
          "-Xms1024m",
          "-Xmx3000m",
          "-XX:+HeapDumpOnOutOfMemoryError",
          "-XX:HeapDumpPath=*{LOG_DIRECTORY}",
          "-cp",
          "${MOUNT_DIRECTORY}/gc/lib/*",
          "-Debs-gc-type=market",
          "com.ebs.gcmd.Service"
        ],
        "externalConfig": "gc/market/instance1",
        "configFormat": "properties"
      },
      "gc-orders": {
        "command": "${JAVA_HOME}/java",
        "args": [
          "-server",
          "-Xms1024m",
          "-Xmx2048m",
          "-XX:+HeapDumpOnOutOfMemoryError",
          "-XX:HeapDumpPath=*{LOG_DIRECTORY}",
          "-cp",
          "${MOUNT_DIRECTORY}/gc/lib/*",
          "-Debs-gc-type=order",
          "com.ebs.gcmd.Service"
        ],
        "externalConfig": "gc/orders/instance1",
        "configFormat": "properties"
      }
    },
    "BACKEND2": {
      "redis": {
        "command": "${REDIS_HOME}/redis-server",
        "args": [
          "${MOUNT_DIRECTORY}/env/ebs-redis.conf"
        ]
      },
      "diagnostics-server": {
        "command": "${NODE_HOME}/node --max-old-space-size=1800 --expose-gc",
        "args": [
          "${MOUNT_DIRECTORY}/backend/server/server/modules/diagnostics-server/app.js",
          "--AClogging.full=true",
          "--AClogging.noConsole=true",
          "--AClogging.performance=true"
        ],
        "env": {
          "NODE_AGENT_NAME": "diagnostics-server-2"
        },
        "externalConfig": "diagnostics-server",
        "agent": {
          "enabled": false
        }
      },
      "app-server": {
        "command": "${NODE_HOME}/node --max-old-space-size=1800 --expose-gc",
        "args": [
          "${MOUNT_DIRECTORY}/backend/server/server/app.js",
          "--AClogging.full=true",
          "--AClogging.noConsole=true",
          "--AClogging.performance=true"
        ],
        "env": {
          "EBS_WHITELABEL_RESOURCE_ROOT": "${MOUNT_DIRECTORY}/whitelabel/brand",
          "EBS_OPS_ENV_RESOURCE_ROOT": "${MOUNT_DIRECTORY}/ops_env",
          "NODE_AGENT_NAME": "app-server-2"
        },
        "externalConfig": "app-server",
        "agent": {
          "enabled": false
        }
      },
      "gc-market": {
        "command": "${JAVA_HOME}/java",
        "args": [
          "-server",
          "-Xms1024m",
          "-Xmx3000m",
          "-XX:+HeapDumpOnOutOfMemoryError",
          "-XX:HeapDumpPath=*{LOG_DIRECTORY}",
          "-cp",
          "${MOUNT_DIRECTORY}/gc/lib/*",
          "-Debs-gc-type=market",
          "com.ebs.gcmd.Service"
        ],
        "externalConfig": "gc/market/instance2",
        "configFormat": "properties"
      },
      "gc-orders": {
        "command": "${JAVA_HOME}/java",
        "args": [
          "-server",
          "-Xms1024m",
          "-Xmx2048m",
          "-XX:+HeapDumpOnOutOfMemoryError",
          "-XX:HeapDumpPath=*{LOG_DIRECTORY}",
          "-cp",
          "${MOUNT_DIRECTORY}/gc/lib/*",
          "-Debs-gc-type=order",
          "com.ebs.gcmd.Service"
        ],
        "externalConfig": "gc/orders/instance2",
        "configFormat": "properties"
      }
    },
    "LOGIN_SERVER_MACHINE": {
      "login-server": {
        "command": "${NODE_HOME}/node --max-old-space-size=1800 --expose-gc",
        "args": [
          "${MOUNT_DIRECTORY}/login_server/login-server/lib/app.js",
          "--AClogging.full=true",
          "--AClogging.noConsole=true",
          "--AClogging.performance=true"
        ],
        "env": {
          "EBS_LOGIN_ROUTES_ROOT": "${MOUNT_DIRECTORY}/whitelabel/brand"
        },
        "externalConfig": "login-server",
        "agent": {
          "enabled": false
        }
      }
    },
    "MONITOR_SERVER_MACHINE": {
      "cloud-controller": {
        "command": "${NODE_HOME}/node --max-old-space-size=1800 --expose-gc",
        "args": [
          "${MOUNT_DIRECTORY}/monitor-server/cloud-controller/server/app.js",
          "--AClogging.full=true",
          "--AClogging.noConsole=true",
          "--AClogging.performance=true"
        ],
        "externalConfig": "cloud-controller",
        "agent": {
          "enabled": false
        }
      }
    }
  }
}

