{
  "config": {
    "process-launcher": {
      "metaInfo": {},
      "data": {
        "monitor": {
          "agent": {
            "endpoints": [
              {
                "host": "10.20.42.87",
                "port": 9501
              }
            ]
          }
        },
        "diagnostics": {
          "logBuffer": true,
          "logBufferSize": 5000
        }
      }
    },
    "nginx": {
      "data": {
        "proxyName": "",
        "appName": "Trading",
        "workersCount": 15,
        "logLevel": "error",
        "idmLoginURL": "https://10.20.42.87:8900",
        "loginServerPort": 9800,
        "loginServerMachines": [
          "10.20.42.87"
        ],
        "backendMachines": [
          "10.20.42.87",
          "10.20.42.87"
        ],
        "subModules": [
          "/pmdp:4466",
          "/orders:4477",
          "/diagnostics:9011"
        ],
        "httpProxyPort": 9300,
        "appHttpPort": 9000,
        "certificateFile": "/export/home/nui/sapphire_remote/env/dev-certificate.cer",
        "keyFile": "/export/home/nui/sapphire_remote/env/dev-key.key",
        "bypassIDMEnabled": false,
        "bypassIDMURL": "",
        "corsDomain": "10.20.42.87",
        "cookieDomain": "",
        "cookieMaxAge": 604800,
        "idmTokenCacheTTLSeconds": 30,
        "stateCookies": [
          "sap-express.sid"
        ],
        "whiteListURIs": [
          "/",
          "/pmdp",
          "/orders",
          "/diagnostics",
          "/uilog",
          "/uiLog",
          "/active_sessions",
          "/destroy_active_session",
          "/login",
          "/logout",
          "/ui-grid.woff",
          "regex:.bower_components/jquery/dist/jquery.js.*",
          "regex:.bower_components/pdf.*",
          "regex:.bower_components/webcomponentsjs/webcomponents.*.js.*",
          "regex:.*webcomponents.html.*",
          "regex:.app.js.*",
          "regex:.lom.js.*",
          "regex:.favicon.ico.*",
          "regex:.style.css.*",
          "regex:.socket.io/.*",
          "regex:.orders/socket.io/.*",
          "regex:.reports/.*",
          "regex:.wl/.*/.*.css.*",
          "regex:.wl/.*/.*.ico.*",
          "regex:.wl/.*/.*.png.*",
          "regex:.pdf/.*.pdf.*",
          "regex:.help.*"
        ],
        "helpPath": "",
        "externalBrandedPagesDirectory": "whitelabel/"
      }
    },
    "nginx1": {
      "metaInfo": {
        "parent": "nginx"
      },
      "data": {
        "proxyName": "10.20.42.87"
      }
    },
    "nginx2": {
      "metaInfo": {
        "parent": "nginx"
      },
      "data": {
        "proxyName": "FRONTEND2"
      }
    }
  },
  "defaults": {
    "env": {
      "NODE_ENV": "production",
      "NODE_EBS_AUTH_TOKEN": "ccAuth",
      "MOUNT_DIRECTORY": "${EBS_USER_HOME}/sapphire_remote",
      "NODE_HOME": "${EBS_USER_HOME}/sapphire_remote/node/bin",
      "EBS_LOCAL_DIR": "${EBS_USER_HOME}/sapphire_local",
      "EBS_BRAND_NAME": ""
    },
    "agent": {
      "enabled": true,
      "endpoints": [
        {
          "host": "10.20.42.87",
          "port": 9501
        }
      ]
    }
  },
  "machines": {
    "WHITELABEL": {
      "nginx-proxy": {
        "command": "${MOUNT_DIRECTORY}/frontend/nginx-proxy/openresty-1.9.7.3/build/nginx-1.9.7/objs/nginx",
        "args": [
          "-c",
          "*{NODE_EXTERNAL_CONFIG_FILE}",
          "-p",
          "*{NODE_CACHE_DIR}/nginx-proxy"
        ],
        "env": {
          "PATH": "${PATH}:${MOUNT_DIRECTORY}/frontend/nginx-proxy/openresty-1.9.7.3/build/luajit-root/usr/local/ebs/luajit/lib",
          "LD_LIBRARY_PATH": "${LD_LIBRARY_PATH}:${MOUNT_DIRECTORY}/frontend/nginx-proxy/openresty-1.9.7.3/build/luajit-root/usr/local/ebs/luajit/lib",
          "EBS_BRAND_CONFIG": "${MOUNT_DIRECTORY}/env/whitelabel.json"
        },
        "externalConfig": "nginx",
        "configFormat": "external:../frontend/nginx-proxy/conf/config.js",
        "monitor": "../frontend/nginx-proxy/conf/monitor.js"
      }
    },
    "10.20.42.87": {
      "nginx-proxy": {
        "command": "${MOUNT_DIRECTORY}/frontend/nginx-proxy/openresty-1.9.7.3/build/nginx-1.9.7/objs/nginx",
        "args": [
          "-c",
          "*{NODE_EXTERNAL_CONFIG_FILE}",
          "-p",
          "*{NODE_CACHE_DIR}/nginx-proxy"
        ],
        "env": {
          "PATH": "${PATH}:${MOUNT_DIRECTORY}/frontend/nginx-proxy/openresty-1.9.7.3/build/luajit-root/usr/local/ebs/luajit/lib",
          "LD_LIBRARY_PATH": "${LD_LIBRARY_PATH}:${MOUNT_DIRECTORY}/frontend/nginx-proxy/openresty-1.9.7.3/build/luajit-root/usr/local/ebs/luajit/lib",
          "EBS_BRAND_CONFIG": "${MOUNT_DIRECTORY}/env/whitelabel.json"
        },
        "externalConfig": "nginx1",
        "configFormat": "external:../frontend/nginx-proxy/conf/config.js",
        "monitor": "../frontend/nginx-proxy/conf/monitor.js"
      }
    },
    "FRONTEND2": {
      "nginx-proxy": {
        "command": "${MOUNT_DIRECTORY}/frontend/nginx-proxy/openresty-1.9.7.3/build/nginx-1.9.7/objs/nginx",
        "args": [
          "-c",
          "*{NODE_EXTERNAL_CONFIG_FILE}",
          "-p",
          "*{NODE_CACHE_DIR}/nginx-proxy"
        ],
        "env": {
          "PATH": "${PATH}:${MOUNT_DIRECTORY}/frontend/nginx-proxy/openresty-1.9.7.3/build/luajit-root/usr/local/ebs/luajit/lib",
          "LD_LIBRARY_PATH": "${LD_LIBRARY_PATH}:${MOUNT_DIRECTORY}/frontend/nginx-proxy/openresty-1.9.7.3/build/luajit-root/usr/local/ebs/luajit/lib",
          "EBS_BRAND_CONFIG": "${MOUNT_DIRECTORY}/env/whitelabel.json"
        },
        "externalConfig": "nginx2",
        "configFormat": "external:../frontend/nginx-proxy/conf/config.js",
        "monitor": "../frontend/nginx-proxy/conf/monitor.js"
      }
    }
  }
}
