id,date,mdsLatency,pubLatency,netLatency
1,2016-09-27 13:58:39.883,4.220009,0.066260,0.003956
2,2016-09-27 13:58:39.883,4.213926,0.060177,0.004948
3,2016-09-27 13:58:39.883,4.215793,0.062044,0.003957
4,2016-09-27 13:58:39.883,4.219008,0.065259,0.004120
5,2016-09-27 13:58:39.883,4.220724,0.066975,0.004243
6,2016-09-27 13:58:39.883,4.224209,0.070460,0.004089
7,2016-09-27 13:58:39.883,4.218107,0.064358,0.004073
8,2016-09-27 13:58:39.883,4.220552,0.066803,0.004612
9,2016-09-27 13:58:39.883,4.223191,0.069442,0.004068
10,2016-09-27 13:58:39.883,4.224729,0.070980,0.003892
11,2016-09-27 13:58:39.883,4.228711,0.074962,0.004387
12,2016-09-27 13:58:39.883,4.221804,0.068055,0.003582
13,2016-09-27 13:58:39.883,4.225524,0.071775,0.004831
14,2016-09-27 13:58:39.883,4.227232,0.073483,0.003934
15,2016-09-27 13:58:39.883,4.232494,0.078745,0.003665
16,2016-09-27 13:58:39.883,4.229414,0.075665,0.003754
17,2016-09-27 13:58:39.883,4.224791,0.071042,0.002879
18,2016-09-27 13:58:39.883,4.228762,0.075013,0.003913
19,2016-09-27 13:58:39.883,4.231276,0.077527,0.003934
20,2016-09-27 13:58:39.883,4.236622,0.082873,0.004011
21,2016-09-27 13:58:39.883,4.233515,0.079766,0.003969
22,2016-09-27 13:58:39.883,4.229335,0.075586,0.004427
23,2016-09-27 13:58:39.883,4.232357,0.078608,0.003482
24,2016-09-27 13:58:39.883,4.235252,0.081503,0.003865
25,2016-09-27 13:58:39.883,4.240850,0.087101,0.004121
26,2016-09-27 13:58:39.883,4.237503,0.083754,0.003830
27,2016-09-27 13:58:39.883,4.236297,0.082548,0.003834
28,2016-09-27 13:58:39.883,4.232712,0.078963,0.003268
29,2016-09-27 13:58:39.883,4.239573,0.085824,0.004210
30,2016-09-27 13:58:39.883,4.245347,0.091598,0.004385
31,2016-09-27 13:58:39.883,4.241457,0.087708,0.003810
32,2016-09-27 13:58:39.883,4.240161,0.086412,0.003752
33,2016-09-27 13:58:39.883,4.236552,0.082803,0.003736
34,2016-09-27 13:58:39.883,4.243400,0.089651,0.003708
35,2016-09-27 13:58:39.883,4.244107,0.090358,0.003837
36,2016-09-27 13:58:39.883,4.245179,0.091430,0.003610
37,2016-09-27 13:58:39.883,4.240664,0.086915,0.004001
38,2016-09-27 13:58:39.883,4.249361,0.095612,0.003900
39,2016-09-27 13:58:39.883,4.248503,0.094754,0.004991
40,2016-09-27 13:58:39.883,4.247761,0.094012,0.003542
41,2016-09-27 13:58:39.883,4.245039,0.091290,0.004274
42,2016-09-27 13:58:39.883,4.254205,0.100456,0.004732
43,2016-09-27 13:58:39.883,4.249001,0.095252,0.003684
44,2016-09-27 13:58:39.883,4.252632,0.098883,0.004017
45,2016-09-27 13:58:39.883,4.253045,0.099296,0.005172
46,2016-09-27 13:58:39.883,4.249945,0.096196,0.004797
47,2016-09-27 13:58:39.883,4.258081,0.104332,0.003771
48,2016-09-27 13:58:39.883,4.252374,0.098625,0.003256
49,2016-09-27 13:58:39.883,4.257653,0.103904,0.004914
50,2016-09-27 13:58:39.883,4.257315,0.103566,0.004160
51,2016-09-27 13:58:39.883,4.253260,0.099511,0.003200
52,2016-09-27 13:58:39.883,4.256403,0.102654,0.003902
53,2016-09-27 13:58:39.883,4.262543,0.108794,0.004353
54,2016-09-27 13:58:39.883,4.262796,0.109047,0.005039
55,2016-09-27 13:58:39.883,4.262201,0.108452,0.004780
56,2016-09-27 13:58:39.883,4.257121,0.103372,0.003757
57,2016-09-27 13:58:39.883,4.260110,0.106361,0.003587
58,2016-09-27 13:58:39.883,4.267963,0.114214,0.005312
59,2016-09-27 13:58:39.883,4.267028,0.113279,0.004113
60,2016-09-27 13:58:39.883,4.266011,0.112262,0.003702
61,2016-09-27 13:58:39.883,4.261565,0.107816,0.004334
62,2016-09-27 13:58:39.883,4.263674,0.109925,0.003429
63,2016-09-27 13:58:39.883,4.271061,0.117312,0.002980
64,2016-09-27 13:58:39.883,4.270158,0.116409,0.004024
65,2016-09-27 13:58:39.883,4.266131,0.112382,0.004448
66,2016-09-27 13:58:39.883,4.267010,0.113261,0.003213
67,2016-09-27 13:58:39.883,4.269864,0.116115,0.003599
68,2016-09-27 13:58:39.883,4.273941,0.120192,0.003662
69,2016-09-27 13:58:39.883,4.271766,0.118017,0.004605
70,2016-09-27 13:58:39.883,4.273929,0.120180,0.003941
71,2016-09-27 13:58:39.883,4.275441,0.121692,0.003515
72,2016-09-27 13:58:39.883,4.277747,0.123998,0.003698
73,2016-09-27 13:58:39.883,4.278930,0.125181,0.003373
74,2016-09-27 13:58:39.887,5.357146,0.014810,0.005230
75,2016-09-27 13:58:39.887,5.360441,0.018105,0.005353
76,2016-09-27 13:58:39.887,5.364861,0.022525,0.004251
77,2016-09-27 13:58:39.887,5.361220,0.018884,0.003900
78,2016-09-27 13:58:39.887,5.369042,0.026706,0.004065
79,2016-09-27 13:58:39.887,5.365666,0.023330,0.004322
80,2016-09-27 13:58:39.887,5.373064,0.030728,0.003903
81,2016-09-27 13:58:39.887,5.364432,0.022096,0.005839
82,2016-09-27 13:58:39.887,5.370079,0.027743,0.004289
83,2016-09-27 13:58:39.887,5.377245,0.034909,0.004067
84,2016-09-27 13:58:39.887,5.369010,0.026674,0.004388
85,2016-09-27 13:58:39.887,5.373919,0.031583,0.003731
86,2016-09-27 13:58:39.887,5.367979,0.025643,0.005604
87,2016-09-27 13:58:39.887,5.381439,0.039103,0.004081
88,2016-09-27 13:58:39.887,5.373888,0.031552,0.004756
89,2016-09-27 13:58:39.887,5.378237,0.035901,0.004210
90,2016-09-27 13:58:39.887,5.385706,0.043370,0.004153
91,2016-09-27 13:58:39.887,5.372700,0.030364,0.004540
92,2016-09-27 13:58:39.887,5.378733,0.036397,0.004725
93,2016-09-27 13:58:39.887,5.381940,0.039604,0.003587
94,2016-09-27 13:58:39.887,5.390393,0.048057,0.004571
95,2016-09-27 13:58:39.887,5.376698,0.034362,0.003874
96,2016-09-27 13:58:39.887,5.382694,0.040358,0.003848
97,2016-09-27 13:58:39.887,5.386128,0.043792,0.004067
98,2016-09-27 13:58:39.887,5.394718,0.052382,0.004217
99,2016-09-27 13:58:39.887,5.381075,0.038739,0.004248
100,2016-09-27 13:58:39.887,5.386085,0.043749,0.003268
101,2016-09-27 13:58:39.887,5.390819,0.048483,0.004586
102,2016-09-27 13:58:39.887,5.399129,0.056793,0.004306
103,2016-09-27 13:58:39.887,5.385311,0.042975,0.004110
104,2016-09-27 13:58:39.887,5.395288,0.052952,0.004349
105,2016-09-27 13:58:39.887,5.390927,0.048591,0.004734
106,2016-09-27 13:58:39.887,5.403635,0.061299,0.004398
107,2016-09-27 13:58:39.887,5.389799,0.047463,0.004367
108,2016-09-27 13:58:39.887,5.396023,0.053687,0.004984
109,2016-09-27 13:58:39.887,5.399141,0.056805,0.003744
110,2016-09-27 13:58:39.887,5.371706,0.029370,0.006194
111,2016-09-27 13:58:39.888,5.407563,0.065227,0.003809
112,2016-09-27 13:58:39.888,5.393827,0.051491,0.003900
113,2016-09-27 13:58:39.888,5.400382,0.058046,0.004248
114,2016-09-27 13:58:39.888,5.403483,0.061147,0.004235
115,2016-09-27 13:58:39.888,5.376818,0.034482,0.004893
116,2016-09-27 13:58:39.888,5.411515,0.069179,0.003841
117,2016-09-27 13:58:39.888,5.398312,0.055976,0.004365
118,2016-09-27 13:58:39.888,5.404846,0.062510,0.004353
119,2016-09-27 13:58:39.888,5.407421,0.065085,0.003826
120,2016-09-27 13:58:39.888,5.381919,0.039583,0.004916
121,2016-09-27 13:58:39.888,5.416646,0.074310,0.005024
122,2016-09-27 13:58:39.888,5.402521,0.060185,0.003977
123,2016-09-27 13:58:39.888,5.408767,0.066431,0.003809
124,2016-09-27 13:58:39.888,5.412315,0.069979,0.004780
125,2016-09-27 13:58:39.888,5.386603,0.044267,0.004542
126,2016-09-27 13:58:39.888,5.407165,0.064829,0.004524
127,2016-09-27 13:58:39.888,5.420318,0.077982,0.003567
128,2016-09-27 13:58:39.888,5.413587,0.071251,0.004708
129,2016-09-27 13:58:39.888,5.415844,0.073508,0.003416
130,2016-09-27 13:58:39.888,5.391290,0.048954,0.004544
131,2016-09-27 13:58:39.888,5.411459,0.069123,0.004180
132,2016-09-27 13:58:39.888,5.417855,0.075519,0.004157
133,2016-09-27 13:58:39.888,5.419676,0.077340,0.003724
134,2016-09-27 13:58:39.888,5.424093,0.081757,0.003668
135,2016-09-27 13:58:39.888,5.395894,0.053558,0.004469
136,2016-09-27 13:58:39.888,5.415553,0.073217,0.003977
137,2016-09-27 13:58:39.888,5.422389,0.080053,0.004424
138,2016-09-27 13:58:39.888,5.428027,0.085691,0.003826
139,2016-09-27 13:58:39.888,5.420100,0.077764,0.004433
140,2016-09-27 13:58:39.888,5.427023,0.084687,0.004394
141,2016-09-27 13:58:39.888,5.431476,0.089140,0.003344
142,2016-09-27 13:58:39.888,5.423674,0.081338,0.003458
143,2016-09-27 13:58:39.888,5.430861,0.088525,0.003730
144,2016-09-27 13:58:39.888,5.436055,0.093719,0.004474
145,2016-09-27 13:58:39.888,5.399954,0.057618,0.003943
146,2016-09-27 13:58:39.888,5.428581,0.086245,0.004751
147,2016-09-27 13:58:39.888,5.435171,0.092835,0.004179
148,2016-09-27 13:58:39.888,5.440639,0.098303,0.004472
149,2016-09-27 13:58:39.888,5.405437,0.063101,0.005336
150,2016-09-27 13:58:39.888,5.424187,0.081851,0.004399
151,2016-09-27 13:58:39.888,5.432714,0.090378,0.004011
152,2016-09-27 13:58:39.888,5.439088,0.096752,0.003812
153,2016-09-27 13:58:39.888,5.444803,0.102467,0.004034
154,2016-09-27 13:58:39.888,5.410299,0.067963,0.004685
155,2016-09-27 13:58:39.888,5.427690,0.085354,0.003401
156,2016-09-27 13:58:39.888,5.442951,0.100615,0.003751
157,2016-09-27 13:58:39.888,5.437151,0.094815,0.004328
158,2016-09-27 13:58:39.888,5.448768,0.106432,0.003851
159,2016-09-27 13:58:39.888,5.415114,0.072778,0.004655
160,2016-09-27 13:58:39.888,5.433229,0.090893,0.005439
161,2016-09-27 13:58:39.888,5.446569,0.104233,0.003506
162,2016-09-27 13:58:39.888,5.441735,0.099399,0.004465
163,2016-09-27 13:58:39.888,5.453105,0.110769,0.004232
164,2016-09-27 13:58:39.888,5.419231,0.076895,0.003961
165,2016-09-27 13:58:39.888,5.437685,0.095349,0.004347
166,2016-09-27 13:58:39.888,5.450501,0.108165,0.003808
167,2016-09-27 13:58:39.888,5.457704,0.115368,0.004503
168,2016-09-27 13:58:39.888,5.445737,0.103401,0.003874
169,2016-09-27 13:58:39.888,5.423828,0.081492,0.004469
170,2016-09-27 13:58:39.888,5.441495,0.099159,0.003704
171,2016-09-27 13:58:39.888,5.455120,0.112784,0.004477
172,2016-09-27 13:58:39.888,5.461356,0.119020,0.003534
173,2016-09-27 13:58:39.888,5.449814,0.107478,0.003945
174,2016-09-27 13:58:39.888,5.428664,0.086328,0.004695
175,2016-09-27 13:58:39.888,5.445306,0.102970,0.003708
176,2016-09-27 13:58:39.888,5.459270,0.116934,0.004038
177,2016-09-27 13:58:39.888,5.454103,0.111767,0.004182
178,2016-09-27 13:58:39.888,5.432027,0.089691,0.003238
179,2016-09-27 13:58:39.888,5.449087,0.106751,0.003664
180,2016-09-27 13:58:39.888,5.463730,0.121394,0.004352
181,2016-09-27 13:58:39.888,5.458464,0.116128,0.004256
182,2016-09-27 13:58:39.888,5.436337,0.094001,0.004158
183,2016-09-27 13:58:39.888,5.454116,0.111780,0.004917
184,2016-09-27 13:58:39.888,5.467490,0.125154,0.003649
185,2016-09-27 13:58:39.888,5.462484,0.120148,0.003909
186,2016-09-27 13:58:39.888,5.440451,0.098115,0.003998
187,2016-09-27 13:58:39.888,5.458399,0.116063,0.004167
188,2016-09-27 13:58:39.888,5.466623,0.124287,0.004028
189,2016-09-27 13:58:39.888,5.444803,0.102467,0.004238
190,2016-09-27 13:58:39.888,5.470466,0.128130,0.003732
191,2016-09-27 13:58:39.888,5.449551,0.107215,0.004626
192,2016-09-27 13:58:39.888,5.453254,0.110918,0.003547
193,2016-09-27 13:58:39.888,5.456986,0.114650,0.003597
194,2016-09-27 13:58:39.888,5.461350,0.119014,0.004249
195,2016-09-27 13:58:39.888,5.468301,0.125965,0.006844
196,2016-09-27 13:58:39.888,5.472686,0.130350,0.004244
197,2016-09-27 13:58:39.888,5.477494,0.135158,0.004666
198,2016-09-27 13:58:39.888,5.481466,0.139130,0.003844
199,2016-09-27 13:58:39.892,5.601638,0.013221,0.004567
200,2016-09-27 13:58:39.892,5.608297,0.019880,0.004309
201,2016-09-27 13:58:39.892,5.606784,0.018367,0.006176
202,2016-09-27 13:58:39.892,5.611177,0.022760,0.002731
203,2016-09-27 13:58:39.892,5.604511,0.016094,0.002725
204,2016-09-27 13:58:39.892,5.609802,0.021385,0.002812
205,2016-09-27 13:58:39.892,5.613877,0.025460,0.002584
206,2016-09-27 13:58:39.892,5.607547,0.019130,0.002917
207,2016-09-27 13:58:39.892,5.612482,0.024065,0.004860
208,2016-09-27 13:58:39.892,5.610602,0.022185,0.002944
209,2016-09-27 13:58:39.892,5.617493,0.029076,0.003496
210,2016-09-27 13:58:39.892,5.615186,0.026769,0.002537
211,2016-09-27 13:58:39.892,5.613324,0.024907,0.002612
212,2016-09-27 13:58:39.892,5.620644,0.032227,0.003036
213,2016-09-27 13:58:39.892,5.618125,0.029708,0.002819
214,2016-09-27 13:58:39.892,5.616400,0.027983,0.002978
215,2016-09-27 13:58:39.892,5.623513,0.035096,0.002763
216,2016-09-27 13:58:39.892,5.612542,0.024125,0.002620
217,2016-09-27 13:58:39.892,5.621088,0.032671,0.002850
218,2016-09-27 13:58:39.892,5.619664,0.031247,0.003161
219,2016-09-27 13:58:39.892,5.626046,0.037629,0.002426
220,2016-09-27 13:58:39.892,5.616092,0.027675,0.003433
221,2016-09-27 13:58:39.892,5.624100,0.035683,0.002902
222,2016-09-27 13:58:39.892,5.615459,0.027042,0.005951
223,2016-09-27 13:58:39.892,5.622519,0.034102,0.002752
224,2016-09-27 13:58:39.892,5.628566,0.040149,0.002408
225,2016-09-27 13:58:39.892,5.619566,0.031149,0.003364
226,2016-09-27 13:58:39.892,5.627109,0.038692,0.002903
227,2016-09-27 13:58:39.892,5.618959,0.030542,0.003272
228,2016-09-27 13:58:39.892,5.625626,0.037209,0.003003
229,2016-09-27 13:58:39.892,5.631837,0.043420,0.003160
230,2016-09-27 13:58:39.892,5.630373,0.041956,0.003157
231,2016-09-27 13:58:39.892,5.622799,0.034382,0.003133
232,2016-09-27 13:58:39.892,5.629220,0.040803,0.003492
233,2016-09-27 13:58:39.892,5.622212,0.033795,0.003129
234,2016-09-27 13:58:39.892,5.634958,0.046541,0.003011
235,2016-09-27 13:58:39.892,5.633437,0.045020,0.002953
236,2016-09-27 13:58:39.892,5.625538,0.037121,0.003216
237,2016-09-27 13:58:39.892,5.625815,0.037398,0.002913
238,2016-09-27 13:58:39.892,5.636773,0.048356,0.007434
239,2016-09-27 13:58:39.892,5.639363,0.050946,0.004294
240,2016-09-27 13:58:39.892,5.636353,0.047936,0.002811
241,2016-09-27 13:58:39.892,5.628360,0.039943,0.002716
242,2016-09-27 13:58:39.892,5.629387,0.040970,0.003453
243,2016-09-27 13:58:39.892,5.639127,0.050710,0.002191
244,2016-09-27 13:58:39.892,5.642922,0.054505,0.003437
245,2016-09-27 13:58:39.892,5.640282,0.051865,0.003807
246,2016-09-27 13:58:39.892,5.641843,0.053426,0.002607
247,2016-09-27 13:58:39.892,5.645730,0.057313,0.002692
248,2016-09-27 13:58:39.892,5.643730,0.055313,0.003335
249,2016-09-27 13:58:39.892,5.645019,0.056602,0.003055
250,2016-09-27 13:58:39.892,5.649066,0.060649,0.003220
251,2016-09-27 13:58:39.892,5.646902,0.058485,0.003056
252,2016-09-27 13:58:39.892,5.652695,0.064278,0.003521
253,2016-09-27 13:58:39.892,5.648629,0.060212,0.003508
254,2016-09-27 13:58:39.892,5.631367,0.042950,0.002905
255,2016-09-27 13:58:39.892,5.656469,0.068052,0.003642
256,2016-09-27 13:58:39.892,5.633237,0.044820,0.003742
257,2016-09-27 13:58:39.892,5.651952,0.063535,0.003201
258,2016-09-27 13:58:39.892,5.650450,0.062033,0.003439
259,2016-09-27 13:58:39.892,5.658753,0.070336,0.002167
260,2016-09-27 13:58:39.892,5.636464,0.048047,0.003108
261,2016-09-27 13:58:39.892,5.655247,0.066830,0.003179
262,2016-09-27 13:58:39.892,5.654111,0.065694,0.003544
263,2016-09-27 13:58:39.892,5.639661,0.051244,0.003088
264,2016-09-27 13:58:39.892,5.659633,0.071216,0.004268
265,2016-09-27 13:58:39.892,5.657265,0.068848,0.003038
266,2016-09-27 13:58:39.892,5.642625,0.054208,0.002857
267,2016-09-27 13:58:39.892,5.663107,0.074690,0.003352
268,2016-09-27 13:58:39.892,5.646741,0.058324,0.003986
269,2016-09-27 13:58:39.892,5.666387,0.077970,0.003154
270,2016-09-27 13:58:39.892,5.634827,0.046410,0.003336
271,2016-09-27 13:58:39.892,5.650059,0.061642,0.003199
272,2016-09-27 13:58:39.892,5.669549,0.081132,0.003056
273,2016-09-27 13:58:39.892,5.653099,0.064682,0.002926
274,2016-09-27 13:58:39.892,5.672603,0.084186,0.002947
275,2016-09-27 13:58:39.892,5.655687,0.067270,0.002468
276,2016-09-27 13:58:39.892,5.676148,0.087731,0.003433
277,2016-09-27 13:58:39.892,5.661934,0.073517,0.003071
278,2016-09-27 13:58:39.892,5.679820,0.091403,0.003539
279,2016-09-27 13:58:39.892,5.665758,0.077341,0.003721
280,2016-09-27 13:58:39.892,5.660839,0.072422,0.003462
281,2016-09-27 13:58:39.892,5.682557,0.094140,0.002609
282,2016-09-27 13:58:39.892,5.668478,0.080061,0.002608
283,2016-09-27 13:58:39.892,5.664110,0.075693,0.003168
284,2016-09-27 13:58:39.892,5.671901,0.083484,0.003312
285,2016-09-27 13:58:39.892,5.637944,0.049527,0.003015
286,2016-09-27 13:58:39.892,5.666930,0.078513,0.002719
287,2016-09-27 13:58:39.892,5.641175,0.052758,0.003126
288,2016-09-27 13:58:39.892,5.670351,0.081934,0.003309
289,2016-09-27 13:58:39.892,5.644772,0.056355,0.003487
290,2016-09-27 13:58:39.892,5.659069,0.070652,0.003274
291,2016-09-27 13:58:39.892,5.674383,0.085966,0.003892
292,2016-09-27 13:58:39.892,5.648175,0.059758,0.003276
293,2016-09-27 13:58:39.892,5.662460,0.074043,0.003281
294,2016-09-27 13:58:39.892,5.677402,0.088985,0.002915
295,2016-09-27 13:58:39.892,5.652065,0.063648,0.003786
296,2016-09-27 13:58:39.892,5.665589,0.077172,0.003025
297,2016-09-27 13:58:39.892,5.680602,0.092185,0.003091
298,2016-09-27 13:58:39.892,5.675299,0.086882,0.003289
299,2016-09-27 13:58:39.892,5.655463,0.067046,0.003292
300,2016-09-27 13:58:39.892,5.669719,0.081302,0.004000
301,2016-09-27 13:58:39.892,5.684616,0.096199,0.003905
302,2016-09-27 13:58:39.892,5.679714,0.091297,0.004297
303,2016-09-27 13:58:39.892,5.672793,0.084376,0.002970
304,2016-09-27 13:58:39.892,5.659411,0.070994,0.003846
305,2016-09-27 13:58:39.892,5.687580,0.099163,0.002837
306,2016-09-27 13:58:39.892,5.683407,0.094990,0.003592
307,2016-09-27 13:58:39.892,5.676160,0.087743,0.003253
308,2016-09-27 13:58:39.892,5.662657,0.074240,0.003128
309,2016-09-27 13:58:39.892,5.690648,0.102231,0.002952
310,2016-09-27 13:58:39.892,5.681023,0.092606,0.004744
311,2016-09-27 13:58:39.892,5.684142,0.095725,0.003005
312,2016-09-27 13:58:39.892,5.686615,0.098198,0.003095
313,2016-09-27 13:58:39.892,5.687874,0.099457,0.003620
314,2016-09-27 13:58:39.892,5.665840,0.077423,0.003041
315,2016-09-27 13:58:39.892,5.670016,0.081599,0.004073
316,2016-09-27 13:58:39.892,5.673100,0.084683,0.002979
317,2016-09-27 13:58:39.892,5.676852,0.088435,0.003643
318,2016-09-27 13:58:39.892,5.680271,0.091854,0.003314
319,2016-09-27 13:58:39.892,5.684470,0.096053,0.004095
320,2016-09-27 13:58:39.892,5.687954,0.099537,0.003374
321,2016-09-27 13:58:39.892,5.691061,0.102644,0.003001
322,2016-09-27 13:58:39.892,5.694861,0.106444,0.003676
323,2016-09-27 13:58:39.892,5.698046,0.109629,0.003078
324,2016-09-27 13:58:39.896,3.362837,0.017019,0.008337
325,2016-09-27 13:58:39.896,3.363835,0.018017,0.005447
326,2016-09-27 13:58:39.896,3.372623,0.026805,0.006991
327,2016-09-27 13:58:39.896,3.367650,0.021832,0.003660
328,2016-09-27 13:58:39.896,3.366928,0.021110,0.003898
329,2016-09-27 13:58:39.896,3.367432,0.021614,0.005122
330,2016-09-27 13:58:39.896,3.377173,0.031355,0.004328
331,2016-09-27 13:58:39.896,3.371480,0.025662,0.004434
332,2016-09-27 13:58:39.896,3.371295,0.025477,0.003529
333,2016-09-27 13:58:39.896,3.371862,0.026044,0.004279
334,2016-09-27 13:58:39.896,3.381162,0.035344,0.003880
335,2016-09-27 13:58:39.896,3.375597,0.029779,0.004003
336,2016-09-27 13:58:39.896,3.375491,0.029673,0.004084
337,2016-09-27 13:58:39.896,3.376084,0.030266,0.004110
338,2016-09-27 13:58:39.896,3.385639,0.039821,0.004361
339,2016-09-27 13:58:39.896,3.380242,0.034424,0.004521
340,2016-09-27 13:58:39.896,3.379420,0.033602,0.003823
341,2016-09-27 13:58:39.896,3.380367,0.034549,0.004171
342,2016-09-27 13:58:39.896,3.389767,0.043949,0.004020
343,2016-09-27 13:58:39.896,3.384106,0.038288,0.003741
344,2016-09-27 13:58:39.896,3.382959,0.037141,0.003434
345,2016-09-27 13:58:39.896,3.373722,0.027904,0.005965
346,2016-09-27 13:58:39.896,3.387747,0.041929,0.004218
347,2016-09-27 13:58:39.896,3.393618,0.047800,0.003739
348,2016-09-27 13:58:39.896,3.388295,0.042477,0.004076
349,2016-09-27 13:58:39.896,3.387317,0.041499,0.004228
350,2016-09-27 13:58:39.896,3.392265,0.046447,0.004406
351,2016-09-27 13:58:39.896,3.397338,0.051520,0.003613
352,2016-09-27 13:58:39.896,3.378234,0.032416,0.004312
353,2016-09-27 13:58:39.896,3.392250,0.046432,0.003845
354,2016-09-27 13:58:39.896,3.395796,0.049978,0.003424
355,2016-09-27 13:58:39.896,3.392003,0.046185,0.004574
356,2016-09-27 13:58:39.896,3.401710,0.055892,0.004253
357,2016-09-27 13:58:39.896,3.381722,0.035904,0.003369
358,2016-09-27 13:58:39.896,3.396899,0.051081,0.004538
359,2016-09-27 13:58:39.896,3.396948,0.051130,0.004823
360,2016-09-27 13:58:39.896,3.399697,0.053879,0.003789
361,2016-09-27 13:58:39.896,3.405458,0.059640,0.003627
362,2016-09-27 13:58:39.896,3.385915,0.040097,0.004069
363,2016-09-27 13:58:39.896,3.401798,0.055980,0.004789
364,2016-09-27 13:58:39.896,3.401543,0.055725,0.004475
365,2016-09-27 13:58:39.896,3.403820,0.058002,0.004012
366,2016-09-27 13:58:39.896,3.409333,0.063515,0.003766
367,2016-09-27 13:58:39.896,3.390369,0.044551,0.004342
368,2016-09-27 13:58:39.896,3.406098,0.060280,0.004191
369,2016-09-27 13:58:39.896,3.408748,0.062930,0.007092
370,2016-09-27 13:58:39.896,3.407405,0.061587,0.003478
371,2016-09-27 13:58:39.896,3.394773,0.048955,0.004295
372,2016-09-27 13:58:39.896,3.413949,0.068131,0.004500
373,2016-09-27 13:58:39.896,3.409906,0.064088,0.003699
374,2016-09-27 13:58:39.896,3.413392,0.067574,0.004512
375,2016-09-27 13:58:39.896,3.411509,0.065691,0.003994
376,2016-09-27 13:58:39.896,3.398785,0.052967,0.003898
377,2016-09-27 13:58:39.896,3.418039,0.072221,0.003977
378,2016-09-27 13:58:39.896,3.413951,0.068133,0.003937
379,2016-09-27 13:58:39.896,3.417495,0.071677,0.003979
380,2016-09-27 13:58:39.896,3.415399,0.069581,0.003772
381,2016-09-27 13:58:39.896,3.402809,0.056991,0.003915
382,2016-09-27 13:58:39.896,3.421930,0.076112,0.003787
383,2016-09-27 13:58:39.896,3.418510,0.072692,0.004444
384,2016-09-27 13:58:39.896,3.423172,0.077354,0.005476
385,2016-09-27 13:58:39.896,3.419039,0.073221,0.003530
386,2016-09-27 13:58:39.896,3.407959,0.062141,0.005042
387,2016-09-27 13:58:39.896,3.426298,0.080480,0.004255
388,2016-09-27 13:58:39.896,3.421842,0.076024,0.003212
389,2016-09-27 13:58:39.896,3.427428,0.081610,0.004079
390,2016-09-27 13:58:39.896,3.422745,0.076927,0.003572
391,2016-09-27 13:58:39.896,3.412011,0.066193,0.003933
392,2016-09-27 13:58:39.896,3.429804,0.083986,0.003393
393,2016-09-27 13:58:39.896,3.426119,0.080301,0.004168
394,2016-09-27 13:58:39.896,3.430962,0.085144,0.003426
395,2016-09-27 13:58:39.896,3.427208,0.081390,0.004347
396,2016-09-27 13:58:39.896,3.416693,0.070875,0.004538
397,2016-09-27 13:58:39.896,3.433312,0.087494,0.003392
398,2016-09-27 13:58:39.896,3.430910,0.085092,0.004680
399,2016-09-27 13:58:39.896,3.434970,0.089152,0.003906
400,2016-09-27 13:58:39.896,3.432016,0.086198,0.004699
401,2016-09-27 13:58:39.896,3.420814,0.074996,0.003992
402,2016-09-27 13:58:39.896,3.437138,0.091320,0.003712
403,2016-09-27 13:58:39.896,3.439041,0.093223,0.003964
404,2016-09-27 13:58:39.896,3.434994,0.089176,0.003975
405,2016-09-27 13:58:39.896,3.436626,0.090808,0.004497
406,2016-09-27 13:58:39.896,3.425131,0.079313,0.004188
407,2016-09-27 13:58:39.896,3.440827,0.095009,0.003575
408,2016-09-27 13:58:39.896,3.443496,0.097678,0.004343
409,2016-09-27 13:58:39.896,3.438750,0.092932,0.003640
410,2016-09-27 13:58:39.896,3.429299,0.083481,0.004063
411,2016-09-27 13:58:39.896,3.440524,0.094706,0.003778
412,2016-09-27 13:58:39.896,3.444680,0.098862,0.003745
413,2016-09-27 13:58:39.896,3.447686,0.101868,0.004084
414,2016-09-27 13:58:39.896,3.442167,0.096349,0.003296
415,2016-09-27 13:58:39.896,3.433667,0.087849,0.004271
416,2016-09-27 13:58:39.896,3.444978,0.099160,0.004341
417,2016-09-27 13:58:39.896,3.448790,0.102972,0.004002
418,2016-09-27 13:58:39.896,3.451316,0.105498,0.003512
419,2016-09-27 13:58:39.896,3.445823,0.100005,0.003544
420,2016-09-27 13:58:39.896,3.438331,0.092513,0.004549
421,2016-09-27 13:58:39.896,3.449212,0.103394,0.004118
422,2016-09-27 13:58:39.896,3.453028,0.107210,0.004118
423,2016-09-27 13:58:39.896,3.455245,0.109427,0.003816
424,2016-09-27 13:58:39.896,3.449987,0.104169,0.004043
425,2016-09-27 13:58:39.896,3.443290,0.097472,0.004846
426,2016-09-27 13:58:39.896,3.452986,0.107168,0.003656
427,2016-09-27 13:58:39.896,3.457083,0.111265,0.003939
428,2016-09-27 13:58:39.896,3.458962,0.113144,0.003597
429,2016-09-27 13:58:39.896,3.453872,0.108054,0.003773
430,2016-09-27 13:58:39.896,3.447680,0.101862,0.004274
431,2016-09-27 13:58:39.896,3.457360,0.111542,0.004262
432,2016-09-27 13:58:39.896,3.461258,0.115440,0.004064
433,2016-09-27 13:58:39.896,3.462920,0.117102,0.003843
434,2016-09-27 13:58:39.896,3.457722,0.111904,0.003742
435,2016-09-27 13:58:39.896,3.451732,0.105914,0.003926
436,2016-09-27 13:58:39.896,3.461529,0.115711,0.004049
437,2016-09-27 13:58:39.896,3.465131,0.119313,0.003764
438,2016-09-27 13:58:39.896,3.467122,0.121304,0.004092
439,2016-09-27 13:58:39.896,3.461910,0.116092,0.004071
440,2016-09-27 13:58:39.896,3.455659,0.109841,0.003801
441,2016-09-27 13:58:39.896,3.465972,0.120154,0.004327
442,2016-09-27 13:58:39.896,3.468755,0.122937,0.003509
443,2016-09-27 13:58:39.896,3.459882,0.114064,0.004098
444,2016-09-27 13:58:39.896,3.470344,0.124526,0.004263
445,2016-09-27 13:58:39.896,3.464122,0.118304,0.004122
446,2016-09-27 13:58:39.896,3.469676,0.123858,0.005445
447,2016-09-27 13:58:39.896,3.473586,0.127768,0.003787
448,2016-09-27 13:58:39.896,3.477460,0.131642,0.003769
449,2016-09-27 13:58:39.900,4.679513,0.014591,0.005433
450,2016-09-27 13:58:39.900,4.682633,0.017711,0.005182
451,2016-09-27 13:58:39.900,4.683592,0.018670,0.003911
452,2016-09-27 13:58:39.900,4.688121,0.023199,0.005320
453,2016-09-27 13:58:39.900,4.690116,0.025194,0.005153
454,2016-09-27 13:58:39.900,4.688181,0.023259,0.004461
455,2016-09-27 13:58:39.900,4.692671,0.027749,0.004438
456,2016-09-27 13:58:39.900,4.694303,0.029381,0.004016
457,2016-09-27 13:58:39.900,4.687103,0.022181,0.005796
458,2016-09-27 13:58:39.900,4.692848,0.027926,0.004559
459,2016-09-27 13:58:39.900,4.696877,0.031955,0.004094
460,2016-09-27 13:58:39.900,4.698540,0.033618,0.004113
461,2016-09-27 13:58:39.900,4.692730,0.027808,0.005457
462,2016-09-27 13:58:39.900,4.701234,0.036312,0.004233
463,2016-09-27 13:58:39.900,4.703137,0.038215,0.004492
464,2016-09-27 13:58:39.900,4.696974,0.032052,0.004116
465,2016-09-27 13:58:39.900,4.706127,0.041205,0.004786
466,2016-09-27 13:58:39.900,4.707061,0.042139,0.003824
467,2016-09-27 13:58:39.900,4.701283,0.036361,0.004190
468,2016-09-27 13:58:39.900,4.710691,0.045769,0.004454
469,2016-09-27 13:58:39.900,4.710611,0.045689,0.003443
470,2016-09-27 13:58:39.900,4.715327,0.050405,0.004521
471,2016-09-27 13:58:39.900,4.705070,0.040148,0.003679
472,2016-09-27 13:58:39.900,4.713952,0.049030,0.003232
473,2016-09-27 13:58:39.900,4.719011,0.054089,0.003572
474,2016-09-27 13:58:39.900,4.694182,0.029260,0.006364
475,2016-09-27 13:58:39.900,4.697137,0.032215,0.004182
476,2016-09-27 13:58:39.900,4.709486,0.044564,0.004303
477,2016-09-27 13:58:39.900,4.718232,0.053310,0.004171
478,2016-09-27 13:58:39.900,4.722238,0.057316,0.003116
479,2016-09-27 13:58:39.900,4.701640,0.036718,0.004396
480,2016-09-27 13:58:39.900,4.699703,0.034781,0.005312
481,2016-09-27 13:58:39.900,4.713591,0.048669,0.003988
482,2016-09-27 13:58:39.900,4.722069,0.057147,0.003730
483,2016-09-27 13:58:39.900,4.726810,0.061888,0.004460
484,2016-09-27 13:58:39.900,4.705068,0.040146,0.003324
485,2016-09-27 13:58:39.900,4.704434,0.039512,0.004589
486,2016-09-27 13:58:39.900,4.717995,0.053073,0.004297
487,2016-09-27 13:58:39.900,4.727045,0.062123,0.004853
488,2016-09-27 13:58:39.900,4.731114,0.066192,0.004194
489,2016-09-27 13:58:39.900,4.709429,0.044507,0.004266
490,2016-09-27 13:58:39.900,4.709101,0.044179,0.004482
491,2016-09-27 13:58:39.900,4.722215,0.057293,0.004100
492,2016-09-27 13:58:39.900,4.731190,0.066268,0.004028
493,2016-09-27 13:58:39.900,4.735758,0.070836,0.004531
494,2016-09-27 13:58:39.900,4.714853,0.049931,0.005318
495,2016-09-27 13:58:39.900,4.713885,0.048963,0.004628
496,2016-09-27 13:58:39.900,4.726500,0.061578,0.004169
497,2016-09-27 13:58:39.900,4.735541,0.070619,0.004245
498,2016-09-27 13:58:39.900,4.740062,0.075140,0.004199
499,2016-09-27 13:58:39.900,4.718861,0.053939,0.003894
500,2016-09-27 13:58:39.900,4.718765,0.053843,0.004723
501,2016-09-27 13:58:39.900,4.731151,0.066229,0.004539
502,2016-09-27 13:58:39.900,4.740497,0.075575,0.004845
503,2016-09-27 13:58:39.900,4.744120,0.079198,0.003937
504,2016-09-27 13:58:39.900,4.723141,0.058219,0.004177
505,2016-09-27 13:58:39.900,4.723050,0.058128,0.004136
506,2016-09-27 13:58:39.900,4.744914,0.079992,0.004312
507,2016-09-27 13:58:39.900,4.734988,0.070066,0.003708
508,2016-09-27 13:58:39.900,4.748008,0.083086,0.003778
509,2016-09-27 13:58:39.900,4.728149,0.063227,0.004902
510,2016-09-27 13:58:39.900,4.727176,0.062254,0.004007
511,2016-09-27 13:58:39.900,4.748737,0.083815,0.003697
512,2016-09-27 13:58:39.900,4.739099,0.074177,0.004000
513,2016-09-27 13:58:39.900,4.751911,0.086989,0.003777
514,2016-09-27 13:58:39.900,4.732041,0.067119,0.003788
515,2016-09-27 13:58:39.900,4.731124,0.066202,0.003796
516,2016-09-27 13:58:39.900,4.735540,0.070618,0.003390
517,2016-09-27 13:58:39.900,4.756231,0.091309,0.004217
518,2016-09-27 13:58:39.900,4.743046,0.078124,0.003835
519,2016-09-27 13:58:39.900,4.753382,0.088460,0.004541
520,2016-09-27 13:58:39.900,4.735558,0.070636,0.004298
521,2016-09-27 13:58:39.900,4.739720,0.074798,0.004079
522,2016-09-27 13:58:39.900,4.761952,0.097030,0.005604
523,2016-09-27 13:58:39.900,4.747483,0.082561,0.004324
524,2016-09-27 13:58:39.900,4.757609,0.092687,0.004120
525,2016-09-27 13:58:39.900,4.740067,0.075145,0.004363
526,2016-09-27 13:58:39.900,4.744190,0.079268,0.004362
527,2016-09-27 13:58:39.900,4.765768,0.100846,0.003712
528,2016-09-27 13:58:39.900,4.752884,0.087962,0.005298
529,2016-09-27 13:58:39.900,4.760722,0.095800,0.003000
530,2016-09-27 13:58:39.900,4.744495,0.079573,0.004283
531,2016-09-27 13:58:39.900,4.747810,0.082888,0.003508
532,2016-09-27 13:58:39.900,4.764604,0.099682,0.003776
533,2016-09-27 13:58:39.900,4.751829,0.086907,0.003908
534,2016-09-27 13:58:39.900,4.748659,0.083737,0.004045
535,2016-09-27 13:58:39.900,4.770383,0.105461,0.004503
536,2016-09-27 13:58:39.900,4.768525,0.103603,0.003795
537,2016-09-27 13:58:39.900,4.758447,0.093525,0.005453
538,2016-09-27 13:58:39.900,4.756305,0.091383,0.004328
539,2016-09-27 13:58:39.900,4.774556,0.109634,0.004060
540,2016-09-27 13:58:39.900,4.753166,0.088244,0.004362
541,2016-09-27 13:58:39.900,4.772477,0.107555,0.003837
542,2016-09-27 13:58:39.900,4.762838,0.097916,0.004284
543,2016-09-27 13:58:39.900,4.760598,0.095676,0.004141
544,2016-09-27 13:58:39.900,4.778195,0.113273,0.003532
545,2016-09-27 13:58:39.900,4.757768,0.092846,0.004496
546,2016-09-27 13:58:39.900,4.776962,0.112040,0.004373
547,2016-09-27 13:58:39.900,4.766419,0.101497,0.003475
548,2016-09-27 13:58:39.900,4.765304,0.100382,0.004595
549,2016-09-27 13:58:39.900,4.782555,0.117633,0.004256
550,2016-09-27 13:58:39.900,4.762116,0.097194,0.004221
551,2016-09-27 13:58:39.900,4.780794,0.115872,0.003721
552,2016-09-27 13:58:39.900,4.770756,0.105834,0.004217
553,2016-09-27 13:58:39.900,4.769616,0.104694,0.004203
554,2016-09-27 13:58:39.900,4.786505,0.121583,0.003849
555,2016-09-27 13:58:39.900,4.766030,0.101108,0.003782
556,2016-09-27 13:58:39.900,4.784734,0.119812,0.003816
557,2016-09-27 13:58:39.900,4.775140,0.110218,0.004269
558,2016-09-27 13:58:39.900,4.773114,0.108192,0.003393
559,2016-09-27 13:58:39.900,4.769942,0.105020,0.003743
560,2016-09-27 13:58:39.900,4.788926,0.124004,0.004080
561,2016-09-27 13:58:39.900,4.778784,0.113862,0.003529
562,2016-09-27 13:58:39.900,4.777338,0.112416,0.004114
563,2016-09-27 13:58:39.900,4.774134,0.109212,0.004084
564,2016-09-27 13:58:39.900,4.782649,0.117727,0.003756
565,2016-09-27 13:58:39.900,4.781210,0.116288,0.003751
566,2016-09-27 13:58:39.900,4.779600,0.114678,0.005309
567,2016-09-27 13:58:39.900,4.787051,0.122129,0.004272
568,2016-09-27 13:58:39.900,4.783535,0.118613,0.003804
569,2016-09-27 13:58:39.900,4.791095,0.126173,0.003931
570,2016-09-27 13:58:39.900,4.788189,0.123267,0.004502
571,2016-09-27 13:58:39.900,4.793019,0.128097,0.004695
572,2016-09-27 13:58:39.900,4.797251,0.132329,0.004123
573,2016-09-27 13:58:39.900,4.801245,0.136323,0.003834
574,2016-09-27 13:58:39.905,4.921622,0.013978,0.005222
575,2016-09-27 13:58:39.905,4.924548,0.016904,0.004820
576,2016-09-27 13:58:39.905,4.928769,0.021125,0.004065
577,2016-09-27 13:58:39.905,4.925712,0.018068,0.003944
578,2016-09-27 13:58:39.905,4.927770,0.020126,0.004573
579,2016-09-27 13:58:39.905,4.933213,0.025569,0.004313
580,2016-09-27 13:58:39.905,4.929739,0.022095,0.003913
581,2016-09-27 13:58:39.905,4.932321,0.024677,0.004391
582,2016-09-27 13:58:39.905,4.937136,0.029492,0.003812
583,2016-09-27 13:58:39.905,4.934300,0.026656,0.004456
584,2016-09-27 13:58:39.905,4.936202,0.028558,0.003773
585,2016-09-27 13:58:39.905,4.941108,0.033464,0.003859
586,2016-09-27 13:58:39.905,4.934203,0.026559,0.005477
587,2016-09-27 13:58:39.905,4.939010,0.031366,0.004596
588,2016-09-27 13:58:39.905,4.932412,0.024768,0.005694
589,2016-09-27 13:58:39.905,4.940197,0.032553,0.003881
590,2016-09-27 13:58:39.905,4.946015,0.038371,0.004788
591,2016-09-27 13:58:39.905,4.937864,0.030220,0.003436
592,2016-09-27 13:58:39.905,4.945030,0.037386,0.005908
593,2016-09-27 13:58:39.905,4.936747,0.029103,0.004157
594,2016-09-27 13:58:39.905,4.944939,0.037295,0.004635
595,2016-09-27 13:58:39.905,4.949904,0.042260,0.003776
596,2016-09-27 13:58:39.905,4.949096,0.041452,0.003962
597,2016-09-27 13:58:39.905,4.941133,0.033489,0.004251
598,2016-09-27 13:58:39.905,4.942554,0.034910,0.004574
599,2016-09-27 13:58:39.905,4.948962,0.041318,0.003914
600,2016-09-27 13:58:39.905,4.953290,0.045646,0.003272
601,2016-09-27 13:58:39.905,4.952937,0.045293,0.003727
602,2016-09-27 13:58:39.905,4.946305,0.038661,0.005071
603,2016-09-27 13:58:39.905,4.952624,0.044980,0.003550
604,2016-09-27 13:58:39.905,4.946033,0.038389,0.003364
605,2016-09-27 13:58:39.905,4.957440,0.049796,0.004040
606,2016-09-27 13:58:39.905,4.957089,0.049445,0.004048
607,2016-09-27 13:58:39.905,4.950640,0.042996,0.004218
608,2016-09-27 13:58:39.905,4.957120,0.049476,0.004386
609,2016-09-27 13:58:39.905,4.950748,0.043104,0.004600
610,2016-09-27 13:58:39.905,4.960871,0.053227,0.003313
611,2016-09-27 13:58:39.905,4.961605,0.053961,0.004403
612,2016-09-27 13:58:39.905,4.955154,0.047510,0.004398
613,2016-09-27 13:58:39.905,4.961160,0.053516,0.003937
614,2016-09-27 13:58:39.905,4.954986,0.047342,0.004125
615,2016-09-27 13:58:39.905,4.964640,0.056996,0.003653
616,2016-09-27 13:58:39.905,4.965476,0.057832,0.003763
617,2016-09-27 13:58:39.905,4.959026,0.051382,0.003746
618,2016-09-27 13:58:39.905,4.965196,0.057552,0.003921
619,2016-09-27 13:58:39.905,4.959572,0.051928,0.004475
620,2016-09-27 13:58:39.905,4.968585,0.060941,0.003834
621,2016-09-27 13:58:39.905,4.968898,0.061254,0.003316
622,2016-09-27 13:58:39.905,4.962938,0.055294,0.003794
623,2016-09-27 13:58:39.905,4.969864,0.062220,0.004548
624,2016-09-27 13:58:39.905,4.963376,0.055732,0.003692
625,2016-09-27 13:58:39.905,4.972831,0.065187,0.004122
626,2016-09-27 13:58:39.905,4.972559,0.064915,0.003545
627,2016-09-27 13:58:39.905,4.966748,0.059104,0.003691
628,2016-09-27 13:58:39.905,4.973499,0.065855,0.003524
629,2016-09-27 13:58:39.905,4.967353,0.059709,0.003865
630,2016-09-27 13:58:39.905,4.976877,0.069233,0.003942
631,2016-09-27 13:58:39.905,4.976742,0.069098,0.004068
632,2016-09-27 13:58:39.905,4.970841,0.063197,0.003989
633,2016-09-27 13:58:39.905,4.977308,0.069664,0.003699
634,2016-09-27 13:58:39.905,4.970919,0.063275,0.003457
635,2016-09-27 13:58:39.905,4.981161,0.073517,0.004176
636,2016-09-27 13:58:39.905,4.980922,0.073278,0.004072
637,2016-09-27 13:58:39.905,4.974650,0.067006,0.003696
638,2016-09-27 13:58:39.905,4.981748,0.074104,0.004321
639,2016-09-27 13:58:39.905,4.975074,0.067430,0.004048
640,2016-09-27 13:58:39.905,4.985871,0.078227,0.004568
641,2016-09-27 13:58:39.905,4.984667,0.077023,0.003624
642,2016-09-27 13:58:39.905,4.979023,0.071379,0.004260
643,2016-09-27 13:58:39.905,4.985856,0.078212,0.003996
644,2016-09-27 13:58:39.905,4.978298,0.070654,0.003116
645,2016-09-27 13:58:39.905,4.989444,0.081800,0.003463
646,2016-09-27 13:58:39.905,4.988765,0.081121,0.003975
647,2016-09-27 13:58:39.905,4.983185,0.075541,0.004039
648,2016-09-27 13:58:39.905,4.990460,0.082816,0.004497
649,2016-09-27 13:58:39.905,4.982775,0.075131,0.004349
650,2016-09-27 13:58:39.905,4.993255,0.085611,0.003703
651,2016-09-27 13:58:39.905,4.992241,0.084597,0.003366
652,2016-09-27 13:58:39.905,4.986994,0.079350,0.003701
653,2016-09-27 13:58:39.905,4.994892,0.087248,0.004324
654,2016-09-27 13:58:39.905,4.986407,0.078763,0.003516
655,2016-09-27 13:58:39.905,4.997436,0.089792,0.004069
656,2016-09-27 13:58:39.905,4.990913,0.083269,0.003796
657,2016-09-27 13:58:39.905,4.995873,0.088229,0.003504
658,2016-09-27 13:58:39.905,4.998896,0.091252,0.003892
659,2016-09-27 13:58:39.905,4.990225,0.082581,0.003719
660,2016-09-27 13:58:39.905,5.001435,0.093791,0.003894
661,2016-09-27 13:58:39.905,4.995035,0.087391,0.004010
662,2016-09-27 13:58:39.905,4.999533,0.091889,0.003551
663,2016-09-27 13:58:39.905,5.002420,0.094776,0.003419
664,2016-09-27 13:58:39.905,4.994237,0.086593,0.003886
665,2016-09-27 13:58:39.905,5.005224,0.097580,0.003657
666,2016-09-27 13:58:39.905,4.999222,0.091578,0.004071
667,2016-09-27 13:58:39.905,5.003549,0.095905,0.003882
668,2016-09-27 13:58:39.905,5.006447,0.098803,0.003923
669,2016-09-27 13:58:39.905,4.998197,0.090553,0.003852
670,2016-09-27 13:58:39.905,5.009463,0.101819,0.004124
671,2016-09-27 13:58:39.905,5.002855,0.095211,0.003500
672,2016-09-27 13:58:39.905,5.007142,0.099498,0.003476
673,2016-09-27 13:58:39.905,5.010359,0.102715,0.003808
674,2016-09-27 13:58:39.905,5.002121,0.094477,0.003806
675,2016-09-27 13:58:39.905,5.013448,0.105804,0.003869
676,2016-09-27 13:58:39.905,5.007095,0.099451,0.004134
677,2016-09-27 13:58:39.905,5.011059,0.103415,0.003808
678,2016-09-27 13:58:39.905,5.014235,0.106591,0.003768
679,2016-09-27 13:58:39.905,5.006303,0.098659,0.004074
680,2016-09-27 13:58:39.905,5.017653,0.110009,0.004084
681,2016-09-27 13:58:39.905,5.011010,0.103366,0.003804
682,2016-09-27 13:58:39.905,5.014985,0.107341,0.003812
683,2016-09-27 13:58:39.905,5.018475,0.110831,0.004127
684,2016-09-27 13:58:39.905,5.010259,0.102615,0.003840
685,2016-09-27 13:58:39.905,5.021916,0.114272,0.004141
686,2016-09-27 13:58:39.905,5.014897,0.107253,0.003782
687,2016-09-27 13:58:39.905,5.019273,0.111629,0.004163
688,2016-09-27 13:58:39.905,5.021369,0.113725,0.002788
689,2016-09-27 13:58:39.905,5.014050,0.106406,0.003679
690,2016-09-27 13:58:39.905,5.018527,0.110883,0.003518
691,2016-09-27 13:58:39.905,5.025481,0.117837,0.004005
692,2016-09-27 13:58:39.905,5.018099,0.110455,0.003926
693,2016-09-27 13:58:39.905,5.022235,0.114591,0.003602
694,2016-09-27 13:58:39.905,5.022679,0.115035,0.004465
695,2016-09-27 13:58:39.905,5.026718,0.119074,0.004354
696,2016-09-27 13:58:39.905,5.026452,0.118808,0.003657
697,2016-09-27 13:58:39.905,5.030928,0.123284,0.004104
698,2016-09-27 13:58:39.905,5.030128,0.122484,0.003570
699,2016-09-27 13:58:39.909,6.145001,0.014477,0.005261
700,2016-09-27 13:58:39.909,6.147862,0.017338,0.004878
701,2016-09-27 13:58:39.909,6.149332,0.018808,0.004164
702,2016-09-27 13:58:39.909,6.151789,0.021265,0.003765
703,2016-09-27 13:58:39.909,6.153718,0.023194,0.004276
704,2016-09-27 13:58:39.909,6.151829,0.021305,0.004973
705,2016-09-27 13:58:39.909,6.155987,0.025463,0.004075
706,2016-09-27 13:58:39.909,6.156515,0.025991,0.005912
707,2016-09-27 13:58:39.909,6.157885,0.027361,0.004055
708,2016-09-27 13:58:39.909,6.155678,0.025154,0.003695
709,2016-09-27 13:58:39.909,6.159380,0.028856,0.003285
710,2016-09-27 13:58:39.909,6.161626,0.031102,0.003629
711,2016-09-27 13:58:39.909,6.160365,0.029841,0.003682
712,2016-09-27 13:58:39.909,6.160746,0.030222,0.004957
713,2016-09-27 13:58:39.909,6.163917,0.033393,0.004429
714,2016-09-27 13:58:39.909,6.165282,0.034758,0.003543
715,2016-09-27 13:58:39.909,6.163693,0.033169,0.003208
716,2016-09-27 13:58:39.909,6.164678,0.034154,0.003820
717,2016-09-27 13:58:39.909,6.168329,0.037805,0.004298
718,2016-09-27 13:58:39.909,6.169478,0.038954,0.004085
719,2016-09-27 13:58:39.909,6.167528,0.037004,0.003709
720,2016-09-27 13:58:39.909,6.168747,0.038223,0.003960
721,2016-09-27 13:58:39.909,6.172315,0.041791,0.003876
722,2016-09-27 13:58:39.909,6.173654,0.043130,0.004069
723,2016-09-27 13:58:39.909,6.171591,0.041067,0.003948
724,2016-09-27 13:58:39.909,6.172749,0.042225,0.003888
725,2016-09-27 13:58:39.909,6.177040,0.046516,0.004599
726,2016-09-27 13:58:39.909,6.177253,0.046729,0.003487
727,2016-09-27 13:58:39.909,6.176787,0.046263,0.005067
728,2016-09-27 13:58:39.909,6.177059,0.046535,0.004189
729,2016-09-27 13:58:39.909,6.181069,0.050545,0.003922
730,2016-09-27 13:58:39.909,6.181321,0.050797,0.003955
731,2016-09-27 13:58:39.909,6.180879,0.050355,0.003713
732,2016-09-27 13:58:39.909,6.181489,0.050965,0.004592
733,2016-09-27 13:58:39.909,6.159104,0.028580,0.006259
734,2016-09-27 13:58:39.909,6.184441,0.053917,0.003256
735,2016-09-27 13:58:39.909,6.185399,0.054875,0.003962
736,2016-09-27 13:58:39.909,6.184762,0.054238,0.003759
737,2016-09-27 13:58:39.909,6.185449,0.054925,0.003850
738,2016-09-27 13:58:39.909,6.163187,0.032663,0.003859
739,2016-09-27 13:58:39.909,6.189713,0.059189,0.005168
740,2016-09-27 13:58:39.909,6.189643,0.059119,0.004133
741,2016-09-27 13:58:39.909,6.188389,0.057865,0.003519
742,2016-09-27 13:58:39.909,6.189315,0.058791,0.003735
743,2016-09-27 13:58:39.909,6.167088,0.036564,0.003788
744,2016-09-27 13:58:39.909,6.192850,0.062326,0.003099
745,2016-09-27 13:58:39.909,6.194341,0.063817,0.004518
746,2016-09-27 13:58:39.909,6.192642,0.062118,0.004151
747,2016-09-27 13:58:39.909,6.194241,0.063717,0.004816
748,2016-09-27 13:58:39.909,6.171492,0.040968,0.004279
749,2016-09-27 13:58:39.909,6.196541,0.066017,0.003588
750,2016-09-27 13:58:39.909,6.198725,0.068201,0.004273
751,2016-09-27 13:58:39.909,6.196929,0.066405,0.004184
752,2016-09-27 13:58:39.909,6.197843,0.067319,0.003491
753,2016-09-27 13:58:39.909,6.175816,0.045292,0.004204
754,2016-09-27 13:58:39.909,6.201261,0.070737,0.004615
755,2016-09-27 13:58:39.909,6.203146,0.072622,0.004315
756,2016-09-27 13:58:39.909,6.201333,0.070809,0.004303
757,2016-09-27 13:58:39.909,6.201652,0.071128,0.003697
758,2016-09-27 13:58:39.909,6.206003,0.075479,0.004636
759,2016-09-27 13:58:39.909,6.180204,0.049680,0.004277
760,2016-09-27 13:58:39.909,6.207462,0.076938,0.004194
761,2016-09-27 13:58:39.909,6.205052,0.074528,0.003602
762,2016-09-27 13:58:39.909,6.205440,0.074916,0.003685
763,2016-09-27 13:58:39.909,6.209783,0.079259,0.003657
764,2016-09-27 13:58:39.909,6.185468,0.054944,0.005157
765,2016-09-27 13:58:39.909,6.208629,0.078105,0.003081
766,2016-09-27 13:58:39.909,6.211306,0.080782,0.003737
767,2016-09-27 13:58:39.909,6.214104,0.083580,0.004208
768,2016-09-27 13:58:39.909,6.212437,0.081913,0.003697
769,2016-09-27 13:58:39.909,6.189932,0.059408,0.004348
770,2016-09-27 13:58:39.909,6.209899,0.079375,0.004741
771,2016-09-27 13:58:39.909,6.215442,0.084918,0.004028
772,2016-09-27 13:58:39.909,6.218274,0.087750,0.004062
773,2016-09-27 13:58:39.909,6.215441,0.084917,0.002893
774,2016-09-27 13:58:39.909,6.194468,0.063944,0.004423
775,2016-09-27 13:58:39.909,6.213492,0.082968,0.003478
776,2016-09-27 13:58:39.909,6.219324,0.088800,0.003772
777,2016-09-27 13:58:39.909,6.221890,0.091366,0.003490
778,2016-09-27 13:58:39.909,6.219868,0.089344,0.004322
779,2016-09-27 13:58:39.909,6.199115,0.068591,0.004539
780,2016-09-27 13:58:39.909,6.216998,0.086474,0.003396
781,2016-09-27 13:58:39.909,6.222968,0.092444,0.003527
782,2016-09-27 13:58:39.909,6.225724,0.095200,0.003718
783,2016-09-27 13:58:39.909,6.224788,0.094264,0.004808
784,2016-09-27 13:58:39.909,6.220816,0.090292,0.003712
785,2016-09-27 13:58:39.909,6.203578,0.073054,0.004354
786,2016-09-27 13:58:39.909,6.229259,0.098735,0.003403
787,2016-09-27 13:58:39.909,6.228284,0.097760,0.003387
788,2016-09-27 13:58:39.909,6.224044,0.093520,0.003117
789,2016-09-27 13:58:39.909,6.207866,0.077342,0.004173
790,2016-09-27 13:58:39.909,6.233106,0.102582,0.003734
791,2016-09-27 13:58:39.909,6.231978,0.101454,0.003585
792,2016-09-27 13:58:39.909,6.227630,0.097106,0.003482
793,2016-09-27 13:58:39.909,6.227154,0.096630,0.004074
794,2016-09-27 13:58:39.909,6.211716,0.081192,0.003730
795,2016-09-27 13:58:39.909,6.236863,0.106339,0.003647
796,2016-09-27 13:58:39.909,6.235837,0.105313,0.003751
797,2016-09-27 13:58:39.909,6.231362,0.100838,0.003627
798,2016-09-27 13:58:39.909,6.216064,0.085540,0.004246
799,2016-09-27 13:58:39.909,6.230864,0.100340,0.003600
800,2016-09-27 13:58:39.909,6.241079,0.110555,0.004109
801,2016-09-27 13:58:39.909,6.238989,0.108465,0.003043
802,2016-09-27 13:58:39.909,6.235343,0.104819,0.003871
803,2016-09-27 13:58:39.909,6.220366,0.089842,0.004181
804,2016-09-27 13:58:39.909,6.235006,0.104482,0.004024
805,2016-09-27 13:58:39.909,6.243048,0.112524,0.003943
806,2016-09-27 13:58:39.909,6.240303,0.109779,0.004844
807,2016-09-27 13:58:39.909,6.223538,0.093014,0.003060
808,2016-09-27 13:58:39.909,6.238405,0.107881,0.003295
809,2016-09-27 13:58:39.909,6.246796,0.116272,0.003635
810,2016-09-27 13:58:39.909,6.244358,0.113834,0.003919
811,2016-09-27 13:58:39.909,6.227538,0.097014,0.003885
812,2016-09-27 13:58:39.909,6.242220,0.111696,0.003708
813,2016-09-27 13:58:39.909,6.250342,0.119818,0.003438
814,2016-09-27 13:58:39.909,6.248766,0.118242,0.004304
815,2016-09-27 13:58:39.909,6.232105,0.101581,0.004445
816,2016-09-27 13:58:39.909,6.245885,0.115361,0.003557
817,2016-09-27 13:58:39.909,6.236133,0.105609,0.003901
818,2016-09-27 13:58:39.909,6.243073,0.112549,0.006831
819,2016-09-27 13:58:39.909,6.247040,0.116516,0.003823
820,2016-09-27 13:58:39.909,6.250674,0.120150,0.003522
821,2016-09-27 13:58:39.909,6.254873,0.124349,0.004084
822,2016-09-27 13:58:39.909,6.259031,0.128507,0.004041
823,2016-09-27 13:58:39.909,6.262755,0.132231,0.003614
824,2016-09-27 13:58:39.913,6.401817,0.015985,0.005970
825,2016-09-27 13:58:39.913,6.405234,0.019402,0.005357
826,2016-09-27 13:58:39.913,6.406185,0.020353,0.004205
827,2016-09-27 13:58:39.913,6.409883,0.024051,0.003583
828,2016-09-27 13:58:39.913,6.414189,0.028357,0.004206
829,2016-09-27 13:58:39.913,6.409913,0.024081,0.006064
830,2016-09-27 13:58:39.913,6.418719,0.032887,0.004424
831,2016-09-27 13:58:39.913,6.414724,0.028892,0.004635
832,2016-09-27 13:58:39.913,6.423140,0.037308,0.004312
833,2016-09-27 13:58:39.913,6.418159,0.032327,0.003315
834,2016-09-27 13:58:39.913,6.413799,0.027967,0.005430
835,2016-09-27 13:58:39.913,6.427155,0.041323,0.003907
836,2016-09-27 13:58:39.913,6.416187,0.030355,0.005392
837,2016-09-27 13:58:39.913,6.422180,0.036348,0.003908
838,2016-09-27 13:58:39.913,6.418733,0.032901,0.004766
839,2016-09-27 13:58:39.913,6.432275,0.046443,0.005016
840,2016-09-27 13:58:39.913,6.420915,0.035083,0.004570
841,2016-09-27 13:58:39.913,6.422793,0.036961,0.003939
842,2016-09-27 13:58:39.913,6.436333,0.050501,0.003954
843,2016-09-27 13:58:39.913,6.428255,0.042423,0.005358
844,2016-09-27 13:58:39.913,6.425262,0.039430,0.004229
845,2016-09-27 13:58:39.913,6.440220,0.054388,0.003771
846,2016-09-27 13:58:39.913,6.432478,0.046646,0.004113
847,2016-09-27 13:58:39.913,6.428695,0.042863,0.003252
848,2016-09-27 13:58:39.913,6.444253,0.058421,0.003920
849,2016-09-27 13:58:39.913,6.437842,0.052010,0.005235
850,2016-09-27 13:58:39.913,6.433343,0.047511,0.004517
851,2016-09-27 13:58:39.913,6.448292,0.062460,0.003910
852,2016-09-27 13:58:39.913,6.442594,0.056762,0.004643
853,2016-09-27 13:58:39.913,6.438067,0.052235,0.004608
854,2016-09-27 13:58:39.913,6.452325,0.066493,0.003919
855,2016-09-27 13:58:39.913,6.447242,0.061410,0.004539
856,2016-09-27 13:58:39.913,6.443538,0.057706,0.005363
857,2016-09-27 13:58:39.913,6.455985,0.070153,0.003548
858,2016-09-27 13:58:39.913,6.451444,0.065612,0.004096
859,2016-09-27 13:58:39.913,6.447100,0.061268,0.003448
860,2016-09-27 13:58:39.913,6.460076,0.074244,0.003988
861,2016-09-27 13:58:39.913,6.455383,0.069551,0.003829
862,2016-09-27 13:58:39.913,6.451271,0.065439,0.004060
863,2016-09-27 13:58:39.913,6.464165,0.078333,0.003959
864,2016-09-27 13:58:39.913,6.458794,0.072962,0.003299
865,2016-09-27 13:58:39.913,6.455656,0.069824,0.004266
866,2016-09-27 13:58:39.913,6.467900,0.082068,0.003618
867,2016-09-27 13:58:39.913,6.462439,0.076607,0.003540
868,2016-09-27 13:58:39.913,6.471538,0.085706,0.003533
869,2016-09-27 13:58:39.913,6.460288,0.074456,0.004528
870,2016-09-27 13:58:39.913,6.408866,0.023034,0.003423
871,2016-09-27 13:58:39.913,6.477429,0.091597,0.005783
872,2016-09-27 13:58:39.913,6.467335,0.081503,0.004784
873,2016-09-27 13:58:39.913,6.426009,0.040177,0.003718
874,2016-09-27 13:58:39.913,6.412729,0.026897,0.003731
875,2016-09-27 13:58:39.913,6.463884,0.078052,0.003474
876,2016-09-27 13:58:39.913,6.481009,0.095177,0.003461
877,2016-09-27 13:58:39.913,6.472240,0.086408,0.004792
878,2016-09-27 13:58:39.913,6.430615,0.044783,0.004491
879,2016-09-27 13:58:39.913,6.416575,0.030743,0.003734
880,2016-09-27 13:58:39.913,6.468346,0.082514,0.004351
881,2016-09-27 13:58:39.913,6.485085,0.099253,0.003968
882,2016-09-27 13:58:39.913,6.476414,0.090582,0.004068
883,2016-09-27 13:58:39.913,6.421022,0.035190,0.004340
884,2016-09-27 13:58:39.913,6.435567,0.049735,0.004743
885,2016-09-27 13:58:39.913,6.472792,0.086960,0.004341
886,2016-09-27 13:58:39.913,6.488854,0.103022,0.003645
887,2016-09-27 13:58:39.913,6.425154,0.039322,0.004027
888,2016-09-27 13:58:39.913,6.480403,0.094571,0.003885
889,2016-09-27 13:58:39.913,6.441057,0.055225,0.005280
890,2016-09-27 13:58:39.913,6.476383,0.090551,0.003484
891,2016-09-27 13:58:39.913,6.493497,0.107665,0.004541
892,2016-09-27 13:58:39.913,6.429402,0.043570,0.004132
893,2016-09-27 13:58:39.913,6.445168,0.059336,0.003985
894,2016-09-27 13:58:39.913,6.484516,0.098684,0.004009
895,2016-09-27 13:58:39.913,6.498201,0.112369,0.004596
896,2016-09-27 13:58:39.913,6.480714,0.094882,0.004218
897,2016-09-27 13:58:39.913,6.433774,0.047942,0.004268
898,2016-09-27 13:58:39.913,6.449337,0.063505,0.004027
899,2016-09-27 13:58:39.913,6.488494,0.102662,0.003868
900,2016-09-27 13:58:39.913,6.502378,0.116546,0.004067
901,2016-09-27 13:58:39.913,6.484498,0.098666,0.003596
902,2016-09-27 13:58:39.913,6.438374,0.052542,0.004481
903,2016-09-27 13:58:39.913,6.453352,0.067520,0.003872
904,2016-09-27 13:58:39.913,6.492659,0.106827,0.004049
905,2016-09-27 13:58:39.913,6.489126,0.103294,0.004462
906,2016-09-27 13:58:39.913,6.442891,0.057059,0.004408
907,2016-09-27 13:58:39.913,6.457901,0.072069,0.004436
908,2016-09-27 13:58:39.913,6.497115,0.111283,0.004343
909,2016-09-27 13:58:39.913,6.494196,0.108364,0.004869
910,2016-09-27 13:58:39.913,6.446708,0.060876,0.003710
911,2016-09-27 13:58:39.913,6.461870,0.076038,0.003862
912,2016-09-27 13:58:39.913,6.500880,0.115048,0.003659
913,2016-09-27 13:58:39.913,6.498784,0.112952,0.004475
914,2016-09-27 13:58:39.913,6.450740,0.064908,0.003921
915,2016-09-27 13:58:39.913,6.465966,0.080134,0.003985
916,2016-09-27 13:58:39.913,6.505177,0.119345,0.004176
917,2016-09-27 13:58:39.913,6.503087,0.117255,0.004184
918,2016-09-27 13:58:39.913,6.454916,0.069084,0.004066
919,2016-09-27 13:58:39.913,6.470288,0.084456,0.004207
920,2016-09-27 13:58:39.913,6.509425,0.123593,0.004142
921,2016-09-27 13:58:39.913,6.507360,0.121528,0.004171
922,2016-09-27 13:58:39.913,6.459123,0.073291,0.004097
923,2016-09-27 13:58:39.913,6.474662,0.088830,0.004266
924,2016-09-27 13:58:39.913,6.513689,0.127857,0.004153
925,2016-09-27 13:58:39.913,6.510869,0.125037,0.003386
926,2016-09-27 13:58:39.913,6.463158,0.077326,0.003919
927,2016-09-27 13:58:39.913,6.479529,0.093697,0.004759
928,2016-09-27 13:58:39.913,6.517659,0.131827,0.003854
929,2016-09-27 13:58:39.913,6.515043,0.129211,0.004054
930,2016-09-27 13:58:39.913,6.467432,0.081600,0.004164
931,2016-09-27 13:58:39.913,6.483520,0.097688,0.003880
932,2016-09-27 13:58:39.913,6.519001,0.133169,0.003837
933,2016-09-27 13:58:39.913,6.471223,0.085391,0.003669
934,2016-09-27 13:58:39.913,6.487004,0.101172,0.003364
935,2016-09-27 13:58:39.913,6.475363,0.089531,0.004024
936,2016-09-27 13:58:39.913,6.491714,0.105882,0.004600
937,2016-09-27 13:58:39.913,6.479264,0.093432,0.003786
938,2016-09-27 13:58:39.913,6.496598,0.110766,0.004768
939,2016-09-27 13:58:39.913,6.482832,0.097000,0.003442
940,2016-09-27 13:58:39.913,6.500771,0.114939,0.004062
941,2016-09-27 13:58:39.913,6.486639,0.100807,0.003697
942,2016-09-27 13:58:39.913,6.505085,0.119253,0.004060
943,2016-09-27 13:58:39.913,6.490671,0.104839,0.003916
944,2016-09-27 13:58:39.913,6.509102,0.123270,0.003725
945,2016-09-27 13:58:39.913,6.495016,0.109184,0.004210
946,2016-09-27 13:58:39.913,6.512915,0.127083,0.003690
947,2016-09-27 13:58:39.913,6.498713,0.112881,0.003576
948,2016-09-27 13:58:39.913,6.502885,0.117053,0.004054
949,2016-09-27 13:58:39.917,4.222415,0.014392,0.005288
950,2016-09-27 13:58:39.917,4.225029,0.017006,0.004736
951,2016-09-27 13:58:39.917,4.226490,0.018467,0.003911
952,2016-09-27 13:58:39.917,4.229131,0.021108,0.003938
953,2016-09-27 13:58:39.917,4.230578,0.022555,0.003973
954,2016-09-27 13:58:39.917,4.228433,0.020410,0.004730
955,2016-09-27 13:58:39.917,4.232983,0.024960,0.003730
956,2016-09-27 13:58:39.917,4.234955,0.026932,0.004261
957,2016-09-27 13:58:39.917,4.232399,0.024376,0.003791
958,2016-09-27 13:58:39.917,4.235188,0.027165,0.005709
959,2016-09-27 13:58:39.917,4.236456,0.028433,0.003356
960,2016-09-27 13:58:39.917,4.239387,0.031364,0.004314
961,2016-09-27 13:58:39.917,4.237213,0.029190,0.004701
962,2016-09-27 13:58:39.917,4.239583,0.031560,0.004211
963,2016-09-27 13:58:39.917,4.232301,0.024278,0.005088
964,2016-09-27 13:58:39.917,4.243534,0.035511,0.004043
965,2016-09-27 13:58:39.917,4.241328,0.033305,0.004004
966,2016-09-27 13:58:39.917,4.243912,0.035889,0.004217
967,2016-09-27 13:58:39.917,4.237638,0.029615,0.005173
968,2016-09-27 13:58:39.917,4.247235,0.039212,0.003599
969,2016-09-27 13:58:39.917,4.247849,0.039826,0.003824
970,2016-09-27 13:58:39.917,4.245128,0.037105,0.003692
971,2016-09-27 13:58:39.917,4.241462,0.033439,0.003713
972,2016-09-27 13:58:39.917,4.241236,0.033213,0.004663
973,2016-09-27 13:58:39.917,4.245718,0.037695,0.004363
974,2016-09-27 13:58:39.917,4.249588,0.041565,0.003760
975,2016-09-27 13:58:39.917,4.251087,0.043064,0.003740
976,2016-09-27 13:58:39.917,4.254005,0.045982,0.004311
977,2016-09-27 13:58:39.917,4.254746,0.046723,0.003550
978,2016-09-27 13:58:39.917,4.252125,0.044102,0.004155
979,2016-09-27 13:58:39.917,4.257792,0.049769,0.003679
980,2016-09-27 13:58:39.917,4.259256,0.051233,0.004404
981,2016-09-27 13:58:39.917,4.256456,0.048433,0.004188
982,2016-09-27 13:58:39.917,4.262401,0.054378,0.004501
983,2016-09-27 13:58:39.917,4.250336,0.042313,0.005098
984,2016-09-27 13:58:39.917,4.260370,0.052347,0.003796
985,2016-09-27 13:58:39.917,4.266781,0.058758,0.004272
986,2016-09-27 13:58:39.917,4.254508,0.046485,0.004070
987,2016-09-27 13:58:39.917,4.264590,0.056567,0.004109
988,2016-09-27 13:58:39.917,4.271318,0.063295,0.004429
989,2016-09-27 13:58:39.917,4.245324,0.037301,0.003733
990,2016-09-27 13:58:39.917,4.258869,0.050846,0.004256
991,2016-09-27 13:58:39.917,4.275492,0.067469,0.004059
992,2016-09-27 13:58:39.917,4.249856,0.041833,0.004421
993,2016-09-27 13:58:39.917,4.263453,0.055430,0.004471
994,2016-09-27 13:58:39.917,4.278718,0.070695,0.003122
995,2016-09-27 13:58:39.917,4.263319,0.055296,0.003948
996,2016-09-27 13:58:39.917,4.253419,0.045396,0.003451
997,2016-09-27 13:58:39.917,4.266886,0.058863,0.003325
998,2016-09-27 13:58:39.917,4.282838,0.074815,0.004017
999,2016-09-27 13:58:39.917,4.268310,0.060287,0.003601
1000,2016-09-27 13:58:39.917,4.258471,0.050448,0.004944
