streamId,streamName,tcid,dealCode,domainId,baseCcy,priceConvention,brokerDealingCode,brokerName,sourceOfData,legacyDealId
1,stream1,TEST,WLC1,0,EUR,1,EBS1,brok1,2,true
2,stream2,TST2,LCRF,0,USD,1,EBS2,brok2,2,true
3,stream3,TST3,LC34,0,AUD,1,EBS3,brok3,2,true
4,stream4,TST4,R4J4,0,USD,1,EBS4,brok4,2,true
5,stream5,TST5,4CRJ,0,USD,1,EBS5,brok5,2,true
6,stream6,TST6,RA01,0,USD,1,EBS6,brok6,2,true
7,stream7,TST7,1PDA,0,USD,1,EBS7,brok7,2,true
8,stream8,TST8,EH02,0,USD,1,EBS8,NUINU,2,true
9,stream9,TST9,LCLB,0,AUD,1,EBS9,brok9,2,true
10,stream10,TS10,LC09,0,EUR,1,EB10,brk10,2,true
